-- MySQL dump 10.13  Distrib 5.5.41, for debian-linux-gnu (x86_64)
--
-- Host: localhost    Database: argus_accedian
-- ------------------------------------------------------
-- Server version	5.5.41-0ubuntu0.14.04.1

/*!40101 SET @OLD_CHARACTER_SET_CLIENT=@@CHARACTER_SET_CLIENT */;
/*!40101 SET @OLD_CHARACTER_SET_RESULTS=@@CHARACTER_SET_RESULTS */;
/*!40101 SET @OLD_COLLATION_CONNECTION=@@COLLATION_CONNECTION */;
/*!40101 SET NAMES utf8 */;
/*!40103 SET @OLD_TIME_ZONE=@@TIME_ZONE */;
/*!40103 SET TIME_ZONE='+00:00' */;
/*!40014 SET @OLD_UNIQUE_CHECKS=@@UNIQUE_CHECKS, UNIQUE_CHECKS=0 */;
/*!40014 SET @OLD_FOREIGN_KEY_CHECKS=@@FOREIGN_KEY_CHECKS, FOREIGN_KEY_CHECKS=0 */;
/*!40101 SET @OLD_SQL_MODE=@@SQL_MODE, SQL_MODE='NO_AUTO_VALUE_ON_ZERO' */;
/*!40111 SET @OLD_SQL_NOTES=@@SQL_NOTES, SQL_NOTES=0 */;

--
-- Table structure for table `access`
--

DROP TABLE IF EXISTS `access`;
/*!40101 SET @saved_cs_client     = @@character_set_client */;
/*!40101 SET character_set_client = utf8 */;
CREATE TABLE `access` (
  `id` int(11) NOT NULL AUTO_INCREMENT,
  `log_time` datetime DEFAULT NULL,
  `uri` varchar(100) DEFAULT NULL,
  `message` varchar(100) DEFAULT NULL,
  `user_id` int(11) DEFAULT NULL,
  PRIMARY KEY (`id`),
  KEY `user_id` (`user_id`),
  CONSTRAINT `access_ibfk_1` FOREIGN KEY (`user_id`) REFERENCES `user` (`id`) ON DELETE CASCADE ON UPDATE CASCADE
) ENGINE=InnoDB AUTO_INCREMENT=259 DEFAULT CHARSET=utf8;
/*!40101 SET character_set_client = @saved_cs_client */;

--
-- Dumping data for table `access`
--

LOCK TABLES `access` WRITE;
/*!40000 ALTER TABLE `access` DISABLE KEYS */;
INSERT INTO `access` VALUES (1,'2015-07-23 10:26:10','device/nodes/classic/','Node List',2),(2,'2015-07-23 10:26:11','group/group_tree/?device_show=true','Group',2),(3,'2015-07-23 10:30:05','device/nodes/classic/','Node List',2),(4,'2015-07-23 10:30:05','group/group_tree/?device_show=true','Group',2),(5,'2015-07-23 10:30:10','group/edit/45/','Edit Group',2),(6,'2015-07-23 10:31:02','group/edit/39/','Edit Group',2),(7,'2015-07-23 10:31:10','device/nodes/classic/','Node List',2),(8,'2015-07-23 10:31:11','group/group_tree/?device_show=true','Group',2),(9,'2015-07-23 10:31:41','device/nodes/classic/','Node List',2),(10,'2015-07-23 10:32:15','group/group_tree/?device_show=true','Group',2),(11,'2015-07-23 10:32:37','sla/','SLA List',2),(12,'2015-07-23 10:34:30','device/nodes/classic/','Node List',2),(13,'2015-07-23 10:34:35','group/group_tree/?device_show=true','Group',2),(14,'2015-07-23 10:34:41','group/edit/7/','Edit Group',2),(15,'2015-07-23 10:34:56','device/nodes/classic/','Node List',2),(16,'2015-07-23 10:34:57','group/group_tree/?device_show=true','Group',2),(17,'2015-07-23 10:35:07','group/group_tree/?device_show=false','Group',2),(18,'2015-07-23 10:35:16','device/nodes/classic/','Node List',2),(19,'2015-07-23 10:35:17','group/group_tree/?device_show=true','Group',2),(20,'2015-07-23 10:35:32','device/delete/alert/1169','Node List',2),(21,'2015-07-23 10:35:34','device/delete/1169','Node List',2),(22,'2015-07-23 10:35:47','device/delete/1169','Node List',2),(23,'2015-07-23 10:36:01','device/nodes/classic/','Node List',2),(24,'2015-07-23 10:36:02','group/group_tree/?device_show=true','Group',2),(25,'2015-07-23 10:36:15','group/group_tree/?device_show=false','Group',2),(26,'2015-07-23 10:36:24','device/nodes/classic/','Node List',2),(27,'2015-07-23 10:36:25','group/group_tree/?device_show=true','Group',2),(28,'2015-07-23 10:36:37','device/delete/alert/1170','Node List',2),(29,'2015-07-23 10:36:39','device/delete/1170','Node List',2),(30,'2015-07-23 10:38:45','device/nodes/classic/','Node List',2),(31,'2015-07-23 10:38:45','group/group_tree/?device_show=true','Group',2),(32,'2015-07-23 10:39:20','device/nodes/classic/','Node List',2),(33,'2015-07-23 10:39:36','sla/','SLA List',2),(34,'2015-07-23 10:40:28','device/nodes/classic/','Node List',2),(35,'2015-07-23 10:40:29','group/group_tree/?device_show=true','Group',2),(36,'2015-07-23 10:40:52','sla/','SLA List',2),(37,'2015-07-23 10:44:11','device/nodes/classic/','Node List',2),(38,'2015-07-23 10:44:17','group/group_tree/?device_show=true','Group',2),(39,'2015-07-23 10:44:35','topology/graph/','Graph',2),(40,'2015-07-23 10:44:43','topology/map/','map',2),(41,'2015-07-23 10:44:51','log/event/','Event Log',2),(42,'2015-07-23 10:44:54','user/config/','Configuration',2),(43,'2015-07-23 10:45:00','user/config/','Configuration',2),(44,'2015-07-23 10:45:01','user/config/','Configuration',2),(45,'2015-07-23 10:45:08','log/access/','Access Log',2),(46,'2015-07-23 10:45:18','user/list/','User List',2),(47,'2015-07-23 10:45:51','user/register/','Add User',2),(48,'2015-07-23 10:45:52','user/list/','User List',2),(49,'2015-07-23 10:46:03','user/list/','User List',2),(50,'2015-07-23 10:46:11','user/config/','Configuration',2),(51,'2015-07-23 10:46:16','user/list/','User List',2),(52,'2015-07-23 10:46:27','group/create/','Add Group',2),(53,'2015-07-23 10:47:51','group/group_tree/?device_show=false','Group',2),(54,'2015-07-23 10:49:03','group/create/','Add Group',2),(55,'2015-07-23 10:49:06','device/nodes/classic/','Node List',2),(56,'2015-07-23 10:49:08','group/group_tree/?device_show=true','Group',2),(57,'2015-07-23 10:51:31','device/nodes/classic/','Node List',2),(58,'2015-07-23 10:51:31','device/nodes/classic/','Node List',2),(59,'2015-07-23 10:51:41','group/group_tree/?device_show=true','Group',2),(60,'2015-07-23 10:51:46','device/nodes/classic/','Node List',2),(61,'2015-07-23 10:51:54','group/group_tree/?device_show=true','Group',2),(62,'2015-07-23 10:51:57','group/edit/46/','Edit Group',2),(63,'2015-07-23 10:52:04','device/nodes/classic/','Node List',2),(64,'2015-07-23 10:52:06','group/group_tree/?device_show=true','Group',2),(65,'2015-07-23 10:52:12','sla/','SLA List',2),(66,'2015-07-23 10:52:27','sla/','SLA List',2),(67,'2015-07-23 10:52:51','sla/','SLA List',2),(68,'2015-07-23 10:53:03','sla/','SLA List',2),(69,'2015-07-23 10:53:20','group/group_tree/?device_show=false','Group',2),(70,'2015-07-23 10:53:31','device/nodes/classic/','Node List',2),(71,'2015-07-23 10:53:32','group/group_tree/?device_show=true','Group',2),(72,'2015-07-23 10:54:10','device/nodes/classic/','Node List',2),(73,'2015-07-23 10:54:23','group/group_tree/?device_show=true','Group',2),(74,'2015-07-23 10:54:48','device/delete/alert/1171','Node List',2),(75,'2015-07-23 10:54:50','device/nodes/classic/','Node List',2),(76,'2015-07-23 10:54:50','device/delete/1171','Node List',2),(77,'2015-07-23 10:54:56','device/nodes/classic/','Node List',2),(78,'2015-07-23 10:54:57','group/group_tree/?device_show=true','Group',2),(79,'2015-07-23 10:55:10','group/group_tree/?device_show=true','Group',2),(80,'2015-07-23 10:55:31','group/edit/7/','Edit Group',2),(81,'2015-07-23 10:58:08','device/nodes/classic/','Node List',2),(82,'2015-07-23 10:58:10','group/group_tree/?device_show=true','Group',2),(83,'2015-07-23 10:58:12','device/nodes/classic/','Node List',2),(84,'2015-07-23 10:58:44','device/nodes/classic/','Node List',2),(85,'2015-07-23 10:58:45','group/group_tree/?device_show=true','Group',2),(86,'2015-07-23 10:58:47','device/nodes/classic/','Node List',2),(87,'2015-07-23 10:58:48','group/group_tree/?device_show=true','Group',2),(88,'2015-07-23 10:58:52','sensor/top/','Top Sensors',2),(89,'2015-07-23 10:58:58','device/nodes/classic/','Node List',2),(90,'2015-07-23 10:58:59','group/group_tree/?device_show=true','Group',2),(91,'2015-07-23 11:03:36','device/nodes/classic/','Node List',2),(92,'2015-07-23 11:03:37','group/group_tree/?device_show=true','Group',2),(93,'2015-08-30 05:41:20','device/nodes/classic/','Node List',2),(94,'2015-08-30 05:41:26','group/group_tree/?device_show=true','Group',2),(95,'2015-08-31 08:27:43','device/nodes/classic/','Node List',2),(96,'2015-08-31 08:27:46','group/group_tree/?device_show=true','Group',2),(97,'2015-08-31 08:27:50','sla/','SLA List',2),(98,'2015-08-31 08:27:56','sla/','SLA List',2),(99,'2015-09-08 11:07:35','device/nodes/classic/','Node List',2),(100,'2015-09-08 11:07:38','group/group_tree/?device_show=true','Group',2),(101,'2015-09-09 12:08:56','device/nodes/classic/','Node List',2),(102,'2015-09-09 12:08:56','group/group_tree/?device_show=true','Group',2),(103,'2015-09-09 12:08:59','group/create/','Add Group',2),(104,'2015-09-09 12:09:05','group/group_tree/?device_show=false','Group',2),(105,'2015-09-09 12:09:26','group/create/','Add Group',2),(106,'2015-09-09 12:09:27','device/nodes/classic/','Node List',2),(107,'2015-09-09 12:09:27','group/group_tree/?device_show=true','Group',2),(108,'2015-09-09 12:09:35','group/group_tree/?device_show=false','Group',2),(109,'2015-09-09 12:09:41','device/nodes/classic/','Node List',2),(110,'2015-09-09 12:09:42','group/group_tree/?device_show=true','Group',2),(111,'2015-09-09 12:10:07','device/nodes/classic/','Node List',2),(112,'2015-09-09 12:10:07','group/group_tree/?device_show=true','Group',2),(113,'2015-09-09 12:10:18','device/nodes/classic/','Node List',2),(114,'2015-09-09 12:10:18','group/group_tree/?device_show=true','Group',2),(115,'2015-09-09 12:10:19','device/nodes/classic/','Node List',2),(116,'2015-09-09 12:10:19','group/group_tree/?device_show=true','Group',2),(117,'2015-09-09 12:10:21','device/nodes/classic/','Node List',2),(118,'2015-09-09 12:10:21','group/group_tree/?device_show=true','Group',2),(119,'2015-09-09 12:10:22','device/nodes/classic/','Node List',2),(120,'2015-09-09 12:10:22','group/group_tree/?device_show=true','Group',2),(121,'2015-09-09 12:10:32','device/nodes/classic/','Node List',2),(122,'2015-09-09 12:10:32','group/group_tree/?device_show=true','Group',2),(123,'2015-09-09 12:10:48','group/group_tree/?device_show=false','Group',2),(124,'2015-09-09 12:10:54','device/nodes/classic/','Node List',2),(125,'2015-09-09 12:10:54','group/group_tree/?device_show=true','Group',2),(126,'2015-09-09 12:11:27','device/nodes/classic/','Node List',2),(127,'2015-09-09 12:11:28','group/group_tree/?device_show=true','Group',2),(128,'2015-09-09 12:11:34','device/nodes/classic/','Node List',2),(129,'2015-09-09 12:11:34','group/group_tree/?device_show=true','Group',2),(130,'2015-09-09 12:11:36','device/nodes/classic/','Node List',2),(131,'2015-09-09 12:11:36','group/group_tree/?device_show=true','Group',2),(132,'2015-09-09 12:11:38','device/nodes/classic/','Node List',2),(133,'2015-09-09 12:11:38','group/group_tree/?device_show=true','Group',2),(134,'2015-09-09 12:11:41','device/nodes/classic/','Node List',2),(135,'2015-09-09 12:11:41','group/group_tree/?device_show=true','Group',2),(136,'2015-09-09 12:11:43','device/nodes/classic/','Node List',2),(137,'2015-09-09 12:11:43','group/group_tree/?device_show=true','Group',2),(138,'2015-09-09 12:12:15','device/nodes/classic/','Node List',2),(139,'2015-09-09 12:12:15','group/group_tree/?device_show=true','Group',2),(140,'2015-09-09 12:13:18','device/nodes/classic/','Node List',2),(141,'2015-09-09 12:13:18','group/group_tree/?device_show=true','Group',2),(142,'2015-09-09 12:13:44','device/nodes/classic/','Node List',2),(143,'2015-09-09 12:13:45','group/group_tree/?device_show=true','Group',2),(144,'2015-09-09 12:13:51','device/nodes/classic/','Node List',2),(145,'2015-09-09 12:13:51','group/group_tree/?device_show=true','Group',2),(146,'2015-09-09 12:14:10','device/nodes/classic/','Node List',2),(147,'2015-09-09 12:14:10','group/group_tree/?device_show=true','Group',2),(148,'2015-09-09 12:14:40','sla/','SLA List',2),(149,'2015-09-09 12:14:44','topology/graph/','Graph',2),(150,'2015-09-09 12:14:47','device/circuit/view/2/','circuit List',2),(151,'2015-09-09 12:14:47','device/circuit/view/2/','Circuit Details Cvas1-Cvas2-L2',2),(152,'2015-09-09 12:14:51','device/circuit/view/2/?chart_mode=csv','circuit List',2),(153,'2015-09-09 12:14:51','device/circuit/view/2/?chart_mode=csv','Circuit Details Cvas1-Cvas2-L2',2),(154,'2015-09-09 12:14:55','device/nodes/classic/','Node List',2),(155,'2015-09-09 12:14:55','group/group_tree/?device_show=true','Group',2),(156,'2015-09-09 12:14:58','device/nodes/classic/','Node List',2),(157,'2015-09-09 12:14:58','group/group_tree/?device_show=true','Group',2),(158,'2015-09-09 12:17:33','device/nodes/classic/','Node List',2),(159,'2015-09-09 12:17:34','group/group_tree/?device_show=true','Group',2),(160,'2015-09-09 12:17:51','device/circuit/view/2/','circuit List',2),(161,'2015-09-09 12:17:51','device/circuit/view/2/','Circuit Details Cvas1-Cvas2-L2',2),(162,'2015-09-09 12:17:58','device/nodes/classic/','Node List',2),(163,'2015-09-09 12:17:58','group/group_tree/?device_show=true','Group',2),(164,'2015-09-09 12:19:26','device/nodes/classic/','Node List',2),(165,'2015-09-09 12:19:27','group/group_tree/?device_show=true','Group',2),(166,'2015-09-09 12:21:27','device/nodes/classic/','Node List',2),(167,'2015-09-09 12:21:27','group/group_tree/?device_show=true','Group',2),(168,'2015-09-09 12:21:38','device/nodes/classic/','Node List',2),(169,'2015-09-09 12:21:39','group/group_tree/?device_show=true','Group',2),(170,'2015-09-09 12:22:21','device/nodes/classic/','Node List',2),(171,'2015-09-09 12:22:21','group/group_tree/?device_show=true','Group',2),(172,'2015-09-09 12:31:55','device/nodes/classic/','Node List',2),(173,'2015-09-09 12:31:55','group/group_tree/?device_show=true','Group',2),(174,'2015-09-09 12:31:58','device/nodes/classic/','Node List',2),(175,'2015-09-09 12:31:58','group/group_tree/?device_show=true','Group',2),(176,'2015-09-09 12:39:06','device/nodes/classic/','Node List',2),(177,'2015-09-09 12:39:07','group/group_tree/?device_show=true','Group',2),(178,'2015-09-09 12:40:54','device/delete/alert/1','Node List',2),(179,'2015-09-09 12:40:56','device/delete/1','Node List',2),(180,'2015-09-09 12:40:56','device/nodes/classic/','Node List',2),(181,'2015-09-09 12:40:56','group/group_tree/?device_show=true','Group',2),(182,'2015-09-09 12:41:14','group/create/','Add Group',2),(183,'2015-09-09 12:41:55','group/group_tree/?device_show=false','Group',2),(184,'2015-09-09 12:44:02','group/create/','Add Group',2),(185,'2015-09-09 12:44:02','device/nodes/classic/','Node List',2),(186,'2015-09-09 12:44:03','group/group_tree/?device_show=true','Group',2),(187,'2015-09-09 12:44:18','group/group_tree/?device_show=false','Group',2),(188,'2015-09-09 12:44:41','group/group_tree/?device_show=false','Group',2),(189,'2015-09-09 12:44:46','device/nodes/classic/','Node List',2),(190,'2015-09-09 12:44:47','group/group_tree/?device_show=true','Group',2),(191,'2015-09-09 12:45:28','device/nodes/classic/','Node List',2),(192,'2015-09-09 12:45:28','group/group_tree/?device_show=true','Group',2),(193,'2015-09-09 12:46:23','device/circuit/view/57/','circuit List',2),(194,'2015-09-09 12:46:23','device/circuit/view/57/','Circuit Details Cvas1-Cvas2-L2',2),(195,'2015-09-09 12:47:16','device/nodes/classic/','Node List',2),(196,'2015-09-09 12:47:16','group/group_tree/?device_show=true','Group',2),(197,'2015-09-09 12:48:06','device/nodes/classic/','Node List',2),(198,'2015-09-09 12:48:06','group/group_tree/?device_show=true','Group',2),(199,'2015-09-09 12:50:06','device/circuit/view/57/','circuit List',2),(200,'2015-09-09 12:50:06','device/circuit/view/57/','Circuit Details Cvas1-Cvas2-L2',2),(201,'2015-09-09 12:51:34','device/circuit/view/57/?chart_mode=csv','circuit List',2),(202,'2015-09-09 12:51:34','device/circuit/view/57/?chart_mode=csv','Circuit Details Cvas1-Cvas2-L2',2),(203,'2015-09-09 12:52:34','device/nodes/classic/','Node List',2),(204,'2015-09-09 12:52:34','group/group_tree/?device_show=true','Group',2),(205,'2015-09-09 12:56:37','topology/graph/','Graph',2),(206,'2015-09-09 12:57:26','topology/map/','map',2),(207,'2015-09-09 12:58:08','topology/graph/','Graph',2),(208,'2015-09-09 12:58:12','device/circuit/view/58/','circuit List',2),(209,'2015-09-09 12:58:12','device/circuit/view/58/','Circuit Details Cvas1-Cvas2-L2',2),(210,'2015-09-09 12:58:21','device/nodes/classic/','Node List',2),(211,'2015-09-09 12:58:21','group/group_tree/?device_show=true','Group',2),(212,'2015-09-09 12:58:30','device/nodes/classic/','Node List',2),(213,'2015-09-09 12:58:30','group/group_tree/?device_show=true','Group',2),(214,'2015-09-09 12:58:37','device/delete/alert/2','Node List',2),(215,'2015-09-09 12:58:38','device/delete/2','Node List',2),(216,'2015-09-09 12:58:38','device/nodes/classic/','Node List',2),(217,'2015-09-09 12:58:38','group/group_tree/?device_show=true','Group',2),(218,'2015-09-09 12:58:46','group/group_tree/?device_show=false','Group',2),(219,'2015-09-09 12:58:50','group/group_tree/?device_show=false','Group',2),(220,'2015-09-09 12:59:21','device/nodes/classic/','Node List',2),(221,'2015-09-09 12:59:21','group/group_tree/?device_show=true','Group',2),(222,'2015-09-09 12:59:24','device/nodes/classic/','Node List',2),(223,'2015-09-09 12:59:24','group/group_tree/?device_show=true','Group',2),(224,'2015-09-09 12:59:55','device/nodes/classic/','Node List',2),(225,'2015-09-09 12:59:55','group/group_tree/?device_show=true','Group',2),(226,'2015-09-09 13:00:08','device/nodes/classic/','Node List',2),(227,'2015-09-09 13:00:08','group/group_tree/?device_show=true','Group',2),(228,'2015-09-09 13:00:19','device/nodes/classic/','Node List',2),(229,'2015-09-09 13:00:20','group/group_tree/?device_show=true','Group',2),(230,'2015-09-09 13:06:36','device/nodes/classic/','Node List',2),(231,'2015-09-09 13:06:36','group/group_tree/?device_show=true','Group',2),(232,'2015-09-09 13:06:52','device/delete/alert/5','Node List',2),(233,'2015-09-09 13:06:53','device/delete/5','Node List',2),(234,'2015-09-09 13:06:53','device/nodes/classic/','Node List',2),(235,'2015-09-09 13:06:53','group/group_tree/?device_show=true','Group',2),(236,'2015-09-09 13:07:03','group/group_tree/?device_show=false','Group',2),(237,'2015-09-09 13:07:39','device/nodes/classic/','Node List',2),(238,'2015-09-09 13:07:39','group/group_tree/?device_show=true','Group',2),(239,'2015-09-09 13:08:37','device/nodes/classic/','Node List',2),(240,'2015-09-09 13:08:37','group/group_tree/?device_show=true','Group',2),(241,'2015-09-09 13:09:38','device/nodes/classic/','Node List',2),(242,'2015-09-09 13:09:38','group/group_tree/?device_show=true','Group',2),(243,'2015-09-09 13:09:48','sla/','SLA List',2),(244,'2015-09-09 13:10:01','sla/','SLA List',2),(245,'2015-09-09 13:10:03','device/nodes/classic/','Node List',2),(246,'2015-09-09 13:10:03','group/group_tree/?device_show=true','Group',2),(247,'2015-09-09 13:10:11','device/nodes/classic/','Node List',2),(248,'2015-09-09 13:10:12','group/group_tree/?device_show=true','Group',2),(249,'2015-09-09 13:10:24','device/nodes/classic/','Node List',2),(250,'2015-09-09 13:10:24','group/group_tree/?device_show=true','Group',2),(251,'2015-09-09 13:12:11','device/circuit/view/114/','circuit List',2),(252,'2015-09-09 13:12:11','device/circuit/view/114/','Circuit Details Cvas1-Cvas2-L2',2),(253,'2015-09-09 13:16:42','topology/graph/','Graph',2),(254,'2015-09-09 13:17:18','topology/graph/','Graph',2),(255,'2015-09-09 13:18:05','device/circuit/view/114/','circuit List',2),(256,'2015-09-09 13:18:05','device/circuit/view/114/','Circuit Details Cvas1-Cvas2-L2',2),(257,'2015-09-09 13:18:52','device/nodes/classic/','Node List',2),(258,'2015-09-09 13:18:52','group/group_tree/?device_show=true','Group',2);
/*!40000 ALTER TABLE `access` ENABLE KEYS */;
UNLOCK TABLES;

--
-- Table structure for table `average_process`
--

DROP TABLE IF EXISTS `average_process`;
/*!40101 SET @saved_cs_client     = @@character_set_client */;
/*!40101 SET character_set_client = utf8 */;
CREATE TABLE `average_process` (
  `create_day` int(11) NOT NULL,
  `quarter_of_day` int(11) NOT NULL,
  `sensor_id` int(11) NOT NULL,
  PRIMARY KEY (`create_day`,`quarter_of_day`,`sensor_id`)
) ENGINE=InnoDB DEFAULT CHARSET=utf8;
/*!40101 SET character_set_client = @saved_cs_client */;

--
-- Dumping data for table `average_process`
--

LOCK TABLES `average_process` WRITE;
/*!40000 ALTER TABLE `average_process` DISABLE KEYS */;
INSERT INTO `average_process` VALUES (20150909,39,639),(20150909,39,640),(20150909,39,641),(20150909,39,642),(20150909,39,643),(20150909,39,644),(20150909,39,645),(20150909,39,646),(20150909,39,647),(20150909,39,648),(20150909,39,649),(20150909,39,650),(20150909,39,652),(20150909,39,737),(20150909,39,738),(20150909,39,739),(20150909,39,740),(20150909,39,741),(20150909,39,742),(20150909,39,743),(20150909,39,744),(20150909,39,745),(20150909,39,746),(20150909,39,747),(20150909,39,748),(20150909,39,750),(20150909,39,751),(20150909,39,752),(20150909,39,753),(20150909,39,754),(20150909,39,755),(20150909,39,756),(20150909,39,757),(20150909,39,758),(20150909,39,759),(20150909,39,760),(20150909,39,761),(20150909,39,762),(20150909,39,764),(20150909,39,765),(20150909,39,766),(20150909,39,767),(20150909,39,768),(20150909,39,769),(20150909,39,770),(20150909,39,771),(20150909,39,772),(20150909,39,773),(20150909,39,774),(20150909,39,775),(20150909,39,776),(20150909,39,778),(20150909,39,779),(20150909,39,780),(20150909,39,781),(20150909,39,782),(20150909,39,783),(20150909,39,784),(20150909,39,785),(20150909,39,786),(20150909,39,787),(20150909,39,788),(20150909,39,789),(20150909,39,790),(20150909,39,792),(20150909,39,793),(20150909,39,794),(20150909,39,795),(20150909,39,796),(20150909,39,797),(20150909,39,798),(20150909,39,799),(20150909,39,800),(20150909,39,801),(20150909,39,802),(20150909,39,803),(20150909,39,804),(20150909,39,806),(20150909,39,807),(20150909,39,808),(20150909,39,809),(20150909,39,810),(20150909,39,811),(20150909,39,812),(20150909,39,813),(20150909,39,814),(20150909,39,815),(20150909,39,816),(20150909,39,817),(20150909,39,818),(20150909,39,820),(20150909,39,821),(20150909,39,822),(20150909,39,823),(20150909,39,824),(20150909,39,825),(20150909,39,826),(20150909,39,827),(20150909,39,828),(20150909,39,829),(20150909,39,830),(20150909,39,831),(20150909,39,832),(20150909,39,834),(20150909,39,835),(20150909,39,836),(20150909,39,837),(20150909,39,838),(20150909,39,839),(20150909,39,840),(20150909,39,841),(20150909,39,842),(20150909,39,843),(20150909,39,844),(20150909,39,845),(20150909,39,846),(20150909,39,848),(20150909,39,852),(20150909,39,856),(20150909,39,1332),(20150909,39,1333),(20150909,39,1334),(20150909,39,1335),(20150909,39,1336),(20150909,39,1337),(20150909,39,1338),(20150909,39,1339),(20150909,39,1340),(20150909,39,1341),(20150909,39,1342),(20150909,39,1343),(20150909,39,1344),(20150909,39,1346),(20150909,39,1347),(20150909,39,1348),(20150909,39,1349),(20150909,39,1350),(20150909,39,1351),(20150909,39,1352),(20150909,39,1353),(20150909,39,1354),(20150909,39,1355),(20150909,39,1356),(20150909,39,1357),(20150909,39,1358),(20150909,39,1360),(20150909,39,1361),(20150909,39,1362),(20150909,39,1363),(20150909,39,1364),(20150909,39,1365),(20150909,39,1366),(20150909,39,1367),(20150909,39,1368),(20150909,39,1369),(20150909,39,1370),(20150909,39,1371),(20150909,39,1372),(20150909,39,1374),(20150909,39,1375),(20150909,39,1376),(20150909,39,1377),(20150909,39,1378),(20150909,39,1379),(20150909,39,1380),(20150909,39,1381),(20150909,39,1382),(20150909,39,1383),(20150909,39,1384),(20150909,39,1385),(20150909,39,1386),(20150909,39,1388),(20150909,39,1389),(20150909,39,1390),(20150909,39,1391),(20150909,39,1392),(20150909,39,1393),(20150909,39,1394),(20150909,39,1395),(20150909,39,1396),(20150909,39,1397),(20150909,39,1398),(20150909,39,1399),(20150909,39,1400),(20150909,39,1402),(20150909,39,1403),(20150909,39,1404),(20150909,39,1405),(20150909,39,1406),(20150909,39,1407),(20150909,39,1408),(20150909,39,1409),(20150909,39,1410),(20150909,39,1411),(20150909,39,1412),(20150909,39,1413),(20150909,39,1414),(20150909,39,1416),(20150909,39,1417),(20150909,39,1418),(20150909,39,1419),(20150909,39,1420),(20150909,39,1421),(20150909,39,1422),(20150909,39,1423),(20150909,39,1424),(20150909,39,1425),(20150909,39,1426),(20150909,39,1427),(20150909,39,1428),(20150909,39,1430),(20150909,39,1431),(20150909,39,1432),(20150909,39,1433),(20150909,39,1434),(20150909,39,1435),(20150909,39,1436),(20150909,39,1437),(20150909,39,1438),(20150909,39,1439),(20150909,39,1440),(20150909,39,1441),(20150909,39,1442),(20150909,39,1444),(20150909,40,639),(20150909,40,640),(20150909,40,641),(20150909,40,642),(20150909,40,643),(20150909,40,644),(20150909,40,645),(20150909,40,646),(20150909,40,647),(20150909,40,648),(20150909,40,649),(20150909,40,650),(20150909,40,652),(20150909,40,737),(20150909,40,738),(20150909,40,739),(20150909,40,740),(20150909,40,741),(20150909,40,742),(20150909,40,743),(20150909,40,744),(20150909,40,745),(20150909,40,746),(20150909,40,747),(20150909,40,748),(20150909,40,750),(20150909,40,751),(20150909,40,752),(20150909,40,753),(20150909,40,754),(20150909,40,755),(20150909,40,756),(20150909,40,757),(20150909,40,758),(20150909,40,759),(20150909,40,760),(20150909,40,761),(20150909,40,762),(20150909,40,764),(20150909,40,765),(20150909,40,766),(20150909,40,767),(20150909,40,768),(20150909,40,769),(20150909,40,770),(20150909,40,771),(20150909,40,772),(20150909,40,773),(20150909,40,774),(20150909,40,775),(20150909,40,776),(20150909,40,778),(20150909,40,779),(20150909,40,780),(20150909,40,781),(20150909,40,782),(20150909,40,783),(20150909,40,784),(20150909,40,785),(20150909,40,786),(20150909,40,787),(20150909,40,788),(20150909,40,789),(20150909,40,790),(20150909,40,792),(20150909,40,793),(20150909,40,794),(20150909,40,795),(20150909,40,796),(20150909,40,797),(20150909,40,798),(20150909,40,799),(20150909,40,800),(20150909,40,801),(20150909,40,802),(20150909,40,803),(20150909,40,804),(20150909,40,806),(20150909,40,807),(20150909,40,808),(20150909,40,809),(20150909,40,810),(20150909,40,811),(20150909,40,812),(20150909,40,813),(20150909,40,814),(20150909,40,815),(20150909,40,816),(20150909,40,817),(20150909,40,818),(20150909,40,820),(20150909,40,821),(20150909,40,822),(20150909,40,823),(20150909,40,824),(20150909,40,825),(20150909,40,826),(20150909,40,827),(20150909,40,828),(20150909,40,829),(20150909,40,830),(20150909,40,831),(20150909,40,832),(20150909,40,834),(20150909,40,835),(20150909,40,836),(20150909,40,837),(20150909,40,838),(20150909,40,839),(20150909,40,840),(20150909,40,841),(20150909,40,842),(20150909,40,843),(20150909,40,844),(20150909,40,845),(20150909,40,846),(20150909,40,848),(20150909,40,852),(20150909,40,856),(20150909,40,1332),(20150909,40,1333),(20150909,40,1334),(20150909,40,1335),(20150909,40,1336),(20150909,40,1337),(20150909,40,1338),(20150909,40,1339),(20150909,40,1340),(20150909,40,1341),(20150909,40,1342),(20150909,40,1343),(20150909,40,1344),(20150909,40,1346),(20150909,40,1347),(20150909,40,1348),(20150909,40,1349),(20150909,40,1350),(20150909,40,1351),(20150909,40,1352),(20150909,40,1353),(20150909,40,1354),(20150909,40,1355),(20150909,40,1356),(20150909,40,1357),(20150909,40,1358),(20150909,40,1360),(20150909,40,1361),(20150909,40,1362),(20150909,40,1363),(20150909,40,1364),(20150909,40,1365),(20150909,40,1366),(20150909,40,1367),(20150909,40,1368),(20150909,40,1369),(20150909,40,1370),(20150909,40,1371),(20150909,40,1372),(20150909,40,1374),(20150909,40,1375),(20150909,40,1376),(20150909,40,1377),(20150909,40,1378),(20150909,40,1379),(20150909,40,1380),(20150909,40,1381),(20150909,40,1382),(20150909,40,1383),(20150909,40,1384),(20150909,40,1385),(20150909,40,1386),(20150909,40,1388),(20150909,40,1389),(20150909,40,1390),(20150909,40,1391),(20150909,40,1392),(20150909,40,1393),(20150909,40,1394),(20150909,40,1395),(20150909,40,1396),(20150909,40,1397),(20150909,40,1398),(20150909,40,1399),(20150909,40,1400),(20150909,40,1402),(20150909,40,1403),(20150909,40,1404),(20150909,40,1405),(20150909,40,1406),(20150909,40,1407),(20150909,40,1408),(20150909,40,1409),(20150909,40,1410),(20150909,40,1411),(20150909,40,1412),(20150909,40,1413),(20150909,40,1414),(20150909,40,1416),(20150909,40,1417),(20150909,40,1418),(20150909,40,1419),(20150909,40,1420),(20150909,40,1421),(20150909,40,1422),(20150909,40,1423),(20150909,40,1424),(20150909,40,1425),(20150909,40,1426),(20150909,40,1427),(20150909,40,1428),(20150909,40,1430),(20150909,40,1431),(20150909,40,1432),(20150909,40,1433),(20150909,40,1434),(20150909,40,1435),(20150909,40,1436),(20150909,40,1437),(20150909,40,1438),(20150909,40,1439),(20150909,40,1440),(20150909,40,1441),(20150909,40,1442),(20150909,40,1444),(20150909,41,639),(20150909,41,640),(20150909,41,641),(20150909,41,642),(20150909,41,643),(20150909,41,644),(20150909,41,645),(20150909,41,646),(20150909,41,647),(20150909,41,648),(20150909,41,649),(20150909,41,650),(20150909,41,652),(20150909,41,737),(20150909,41,738),(20150909,41,739),(20150909,41,740),(20150909,41,741),(20150909,41,742),(20150909,41,743),(20150909,41,744),(20150909,41,745),(20150909,41,746),(20150909,41,747),(20150909,41,748),(20150909,41,750),(20150909,41,751),(20150909,41,752),(20150909,41,753),(20150909,41,754),(20150909,41,755),(20150909,41,756),(20150909,41,757),(20150909,41,758),(20150909,41,759),(20150909,41,760),(20150909,41,761),(20150909,41,762),(20150909,41,764),(20150909,41,765),(20150909,41,766),(20150909,41,767),(20150909,41,768),(20150909,41,769),(20150909,41,770),(20150909,41,771),(20150909,41,772),(20150909,41,773),(20150909,41,774),(20150909,41,775),(20150909,41,776),(20150909,41,778),(20150909,41,779),(20150909,41,780),(20150909,41,781),(20150909,41,782),(20150909,41,783),(20150909,41,784),(20150909,41,785),(20150909,41,786),(20150909,41,787),(20150909,41,788),(20150909,41,789),(20150909,41,790),(20150909,41,792),(20150909,41,793),(20150909,41,794),(20150909,41,795),(20150909,41,796),(20150909,41,797),(20150909,41,798),(20150909,41,799),(20150909,41,800),(20150909,41,801),(20150909,41,802),(20150909,41,803),(20150909,41,804),(20150909,41,806),(20150909,41,807),(20150909,41,808),(20150909,41,809),(20150909,41,810),(20150909,41,811),(20150909,41,812),(20150909,41,813),(20150909,41,814),(20150909,41,815),(20150909,41,816),(20150909,41,817),(20150909,41,818),(20150909,41,820),(20150909,41,821),(20150909,41,822),(20150909,41,823),(20150909,41,824),(20150909,41,825),(20150909,41,826),(20150909,41,827),(20150909,41,828),(20150909,41,829),(20150909,41,830),(20150909,41,831),(20150909,41,832),(20150909,41,834),(20150909,41,835),(20150909,41,836),(20150909,41,837),(20150909,41,838),(20150909,41,839),(20150909,41,840),(20150909,41,841),(20150909,41,842),(20150909,41,843),(20150909,41,844),(20150909,41,845),(20150909,41,846),(20150909,41,848),(20150909,41,852),(20150909,41,856),(20150909,41,1332),(20150909,41,1333),(20150909,41,1334),(20150909,41,1335),(20150909,41,1336),(20150909,41,1337),(20150909,41,1338),(20150909,41,1339),(20150909,41,1340),(20150909,41,1341),(20150909,41,1342),(20150909,41,1343),(20150909,41,1344),(20150909,41,1346),(20150909,41,1347),(20150909,41,1348),(20150909,41,1349),(20150909,41,1350),(20150909,41,1351),(20150909,41,1352),(20150909,41,1353),(20150909,41,1354),(20150909,41,1355),(20150909,41,1356),(20150909,41,1357),(20150909,41,1358),(20150909,41,1360),(20150909,41,1361),(20150909,41,1362),(20150909,41,1363),(20150909,41,1364),(20150909,41,1365),(20150909,41,1366),(20150909,41,1367),(20150909,41,1368),(20150909,41,1369),(20150909,41,1370),(20150909,41,1371),(20150909,41,1372),(20150909,41,1374),(20150909,41,1375),(20150909,41,1376),(20150909,41,1377),(20150909,41,1378),(20150909,41,1379),(20150909,41,1380),(20150909,41,1381),(20150909,41,1382),(20150909,41,1383),(20150909,41,1384),(20150909,41,1385),(20150909,41,1386),(20150909,41,1388),(20150909,41,1389),(20150909,41,1390),(20150909,41,1391),(20150909,41,1392),(20150909,41,1393),(20150909,41,1394),(20150909,41,1395),(20150909,41,1396),(20150909,41,1397),(20150909,41,1398),(20150909,41,1399),(20150909,41,1400),(20150909,41,1402),(20150909,41,1403),(20150909,41,1404),(20150909,41,1405),(20150909,41,1406),(20150909,41,1407),(20150909,41,1408),(20150909,41,1409),(20150909,41,1410),(20150909,41,1411),(20150909,41,1412),(20150909,41,1413),(20150909,41,1414),(20150909,41,1416),(20150909,41,1417),(20150909,41,1418),(20150909,41,1419),(20150909,41,1420),(20150909,41,1421),(20150909,41,1422),(20150909,41,1423),(20150909,41,1424),(20150909,41,1425),(20150909,41,1426),(20150909,41,1427),(20150909,41,1428),(20150909,41,1430),(20150909,41,1431),(20150909,41,1432),(20150909,41,1433),(20150909,41,1434),(20150909,41,1435),(20150909,41,1436),(20150909,41,1437),(20150909,41,1438),(20150909,41,1439),(20150909,41,1440),(20150909,41,1441),(20150909,41,1442),(20150909,41,1444);
/*!40000 ALTER TABLE `average_process` ENABLE KEYS */;
UNLOCK TABLES;

--
-- Table structure for table `circuit`
--

DROP TABLE IF EXISTS `circuit`;
/*!40101 SET @saved_cs_client     = @@character_set_client */;
/*!40101 SET character_set_client = utf8 */;
CREATE TABLE `circuit` (
  `id` int(11) NOT NULL AUTO_INCREMENT,
  `source_device` int(11) NOT NULL,
  `destination_device` int(11) NOT NULL,
  `service_forward` int(11) NOT NULL,
  `service_backward` int(11) NOT NULL,
  `group_id` int(11) DEFAULT NULL,
  PRIMARY KEY (`id`),
  UNIQUE KEY `source_device` (`source_device`,`destination_device`,`service_forward`,`service_backward`),
  KEY `destination_device` (`destination_device`),
  KEY `service_forward` (`service_forward`),
  KEY `service_backward` (`service_backward`),
  KEY `group_id` (`group_id`),
  CONSTRAINT `circuit_ibfk_1` FOREIGN KEY (`source_device`) REFERENCES `device` (`id`) ON DELETE CASCADE ON UPDATE CASCADE,
  CONSTRAINT `circuit_ibfk_2` FOREIGN KEY (`destination_device`) REFERENCES `device` (`id`) ON DELETE CASCADE ON UPDATE CASCADE,
  CONSTRAINT `circuit_ibfk_3` FOREIGN KEY (`service_forward`) REFERENCES `device_service` (`id`) ON DELETE CASCADE ON UPDATE CASCADE,
  CONSTRAINT `circuit_ibfk_5` FOREIGN KEY (`group_id`) REFERENCES `group` (`id`) ON DELETE SET NULL ON UPDATE SET NULL,
  CONSTRAINT `circuit_ibfk_6` FOREIGN KEY (`service_backward`) REFERENCES `device_service` (`id`) ON DELETE CASCADE ON UPDATE CASCADE
) ENGINE=InnoDB AUTO_INCREMENT=137 DEFAULT CHARSET=utf8;
/*!40101 SET character_set_client = @saved_cs_client */;

--
-- Dumping data for table `circuit`
--

LOCK TABLES `circuit` WRITE;
/*!40000 ALTER TABLE `circuit` DISABLE KEYS */;
INSERT INTO `circuit` VALUES (113,6,3,90,51,NULL),(114,3,6,51,90,NULL),(115,6,3,91,54,NULL),(116,3,6,54,91,NULL),(117,6,3,93,55,NULL),(118,3,6,55,93,NULL),(123,6,3,95,56,NULL),(124,3,6,56,95,NULL),(125,6,3,97,57,NULL),(126,3,6,57,97,NULL),(129,6,3,99,58,NULL),(130,3,6,58,99,NULL),(135,6,3,103,59,NULL),(136,3,6,59,103,NULL);
/*!40000 ALTER TABLE `circuit` ENABLE KEYS */;
UNLOCK TABLES;

--
-- Table structure for table `device`
--

DROP TABLE IF EXISTS `device`;
/*!40101 SET @saved_cs_client     = @@character_set_client */;
/*!40101 SET character_set_client = utf8 */;
CREATE TABLE `device` (
  `id` int(11) NOT NULL AUTO_INCREMENT,
  `name` varchar(50) DEFAULT NULL,
  `ip` varchar(15) DEFAULT NULL,
  `ip_version` int(11) NOT NULL DEFAULT '4',
  `mac` varchar(50) DEFAULT NULL,
  `sla_id` int(11) DEFAULT NULL,
  `community` varchar(50) DEFAULT NULL,
  `snmp_version` int(11) NOT NULL DEFAULT '2',
  `hardware_version` varchar(50) DEFAULT NULL,
  `firmware_version` varchar(50) DEFAULT NULL,
  `port` int(11) NOT NULL DEFAULT '161',
  `port_ssh` int(11) NOT NULL DEFAULT '22',
  `device_serial` varchar(50) DEFAULT NULL,
  `csv_last_seen_date` datetime DEFAULT NULL,
  `csv_max_date` datetime DEFAULT NULL,
  `snmp_max_date` datetime DEFAULT NULL,
  `snmp_last_seen_date` datetime DEFAULT NULL,
  `latitude` double DEFAULT NULL,
  `longitude` double DEFAULT NULL,
  `location` text,
  `submitter_id` int(11) DEFAULT NULL,
  `group_id` int(11) DEFAULT '7',
  `ssh_username` varchar(255) DEFAULT NULL,
  `ssh_password` varchar(255) DEFAULT NULL,
  `ssh_discovered` int(5) DEFAULT NULL,
  `snmp_username` varchar(255) DEFAULT NULL,
  `snmp_authpass` varchar(255) DEFAULT NULL,
  `snmp_privpass` varchar(255) DEFAULT NULL,
  `snmp_security_level` int(11) DEFAULT NULL,
  `snmp_encryption_type` int(11) DEFAULT NULL,
  `snmp_authentication_type` int(11) DEFAULT NULL,
  `status` int(11) NOT NULL DEFAULT '0',
  `enable_snmp` int(1) NOT NULL DEFAULT '0',
  `enable_csv` int(1) NOT NULL DEFAULT '0',
  `last_fetch_services` datetime DEFAULT NULL,
  `inherit_location` int(1) DEFAULT '0',
  `inherit_snmp_config` int(1) DEFAULT '0',
  `inherit_ssh_login` int(1) DEFAULT '0',
  `inherit_permission` int(1) DEFAULT '0',
  `priority` int(11) NOT NULL DEFAULT '1',
  `deleted` int(1) NOT NULL DEFAULT '0',
  `critical` int(11) DEFAULT '0',
  `major` int(11) DEFAULT '0',
  `minor` int(11) DEFAULT '0',
  `info` int(11) DEFAULT '0',
  `registered_date` timestamp NULL DEFAULT CURRENT_TIMESTAMP,
  PRIMARY KEY (`id`),
  UNIQUE KEY `device_serial` (`device_serial`),
  UNIQUE KEY `ip_UNIQUE` (`ip`),
  KEY `submitter_id` (`submitter_id`),
  KEY `group_id` (`group_id`),
  CONSTRAINT `device_ibfk_1` FOREIGN KEY (`submitter_id`) REFERENCES `user` (`id`) ON DELETE SET NULL ON UPDATE SET NULL,
  CONSTRAINT `device_ibfk_2` FOREIGN KEY (`group_id`) REFERENCES `group` (`id`) ON DELETE SET NULL ON UPDATE SET NULL
) ENGINE=InnoDB AUTO_INCREMENT=7 DEFAULT CHARSET=utf8;
/*!40101 SET character_set_client = @saved_cs_client */;

--
-- Dumping data for table `device`
--

LOCK TABLES `device` WRITE;
/*!40000 ALTER TABLE `device` DISABLE KEYS */;
INSERT INTO `device` VALUES (3,'Node A','192.168.1.3',4,NULL,NULL,'nid',2,'500-013-06','AEN_6.4.1.2_35204',161,22,'G132-2550','2015-09-09 13:23:58','2015-09-09 08:00:00','2015-09-09 13:08:32','2015-09-09 13:08:32',-54.165650032,-73.0868911743,'Chile',2,9,'admin','admin',1,NULL,NULL,NULL,NULL,NULL,NULL,-1,1,1,'2015-09-09 12:45:27',1,1,1,0,1,0,0,0,0,0,'2015-09-03 04:48:59'),(6,'Node B','192.168.1.4',4,NULL,NULL,'nid',2,'500-013-06','AEN_6.4.1.2_35204',161,22,'G132-2590','2015-09-09 13:14:12','2015-09-03 09:18:59','2015-09-09 14:50:22','2015-09-09 14:50:22',-54.165650032,-73.0868911743,'Chile',2,9,'admin','admin',1,NULL,NULL,NULL,NULL,NULL,NULL,-1,1,1,'2015-09-09 13:09:32',1,0,0,0,1,0,0,0,0,0,'2015-09-03 04:48:59');
/*!40000 ALTER TABLE `device` ENABLE KEYS */;
UNLOCK TABLES;

--
-- Table structure for table `device_ip`
--

DROP TABLE IF EXISTS `device_ip`;
/*!40101 SET @saved_cs_client     = @@character_set_client */;
/*!40101 SET character_set_client = utf8 */;
CREATE TABLE `device_ip` (
  `id` int(11) NOT NULL AUTO_INCREMENT,
  `device_id` int(11) NOT NULL,
  `ip` varchar(255) NOT NULL,
  PRIMARY KEY (`id`),
  UNIQUE KEY `device_id_2` (`device_id`,`ip`),
  KEY `device_id` (`device_id`),
  CONSTRAINT `device_ip_ibfk_1` FOREIGN KEY (`device_id`) REFERENCES `device` (`id`) ON DELETE CASCADE ON UPDATE CASCADE
) ENGINE=InnoDB AUTO_INCREMENT=13 DEFAULT CHARSET=latin1;
/*!40101 SET character_set_client = @saved_cs_client */;

--
-- Dumping data for table `device_ip`
--

LOCK TABLES `device_ip` WRITE;
/*!40000 ALTER TABLE `device_ip` DISABLE KEYS */;
INSERT INTO `device_ip` VALUES (7,3,'10.10.10.2'),(8,3,'127.0.0.1'),(9,3,'192.168.1.3'),(10,6,'10.10.10.3'),(11,6,'127.0.0.1'),(12,6,'192.168.1.4');
/*!40000 ALTER TABLE `device_ip` ENABLE KEYS */;
UNLOCK TABLES;

--
-- Table structure for table `device_mac`
--

DROP TABLE IF EXISTS `device_mac`;
/*!40101 SET @saved_cs_client     = @@character_set_client */;
/*!40101 SET character_set_client = utf8 */;
CREATE TABLE `device_mac` (
  `id` int(11) NOT NULL AUTO_INCREMENT,
  `device_id` int(11) NOT NULL,
  `mac` varchar(50) CHARACTER SET utf8 NOT NULL,
  PRIMARY KEY (`id`),
  UNIQUE KEY `mac` (`mac`),
  KEY `device_id` (`device_id`),
  CONSTRAINT `device_mac_ibfk_1` FOREIGN KEY (`device_id`) REFERENCES `device` (`id`) ON DELETE CASCADE ON UPDATE CASCADE
) ENGINE=InnoDB AUTO_INCREMENT=27 DEFAULT CHARSET=latin1;
/*!40101 SET character_set_client = @saved_cs_client */;

--
-- Dumping data for table `device_mac`
--

LOCK TABLES `device_mac` WRITE;
/*!40000 ALTER TABLE `device_mac` DISABLE KEYS */;
INSERT INTO `device_mac` VALUES (14,3,'00:15:ad:0c:fd:33'),(15,3,'00:15:ad:0c:fd:34'),(16,3,'00:15:ad:0c:fd:35'),(17,3,'00:15:ad:0c:fd:36'),(18,3,'00:15:ad:0c:fd:37'),(22,6,'00:15:ad:0c:fe:73'),(23,6,'00:15:ad:0c:fe:74'),(24,6,'00:15:ad:0c:fe:75'),(25,6,'00:15:ad:0c:fe:76'),(26,6,'00:15:ad:0c:fe:77');
/*!40000 ALTER TABLE `device_mac` ENABLE KEYS */;
UNLOCK TABLES;

--
-- Table structure for table `device_service`
--

DROP TABLE IF EXISTS `device_service`;
/*!40101 SET @saved_cs_client     = @@character_set_client */;
/*!40101 SET character_set_client = utf8 */;
CREATE TABLE `device_service` (
  `id` int(11) NOT NULL AUTO_INCREMENT,
  `name` varchar(50) NOT NULL,
  `packet_size` int(11) DEFAULT NULL,
  `cir` int(11) DEFAULT NULL,
  `eir` int(11) DEFAULT NULL,
  `cbs` int(11) DEFAULT NULL,
  `ebs` int(11) DEFAULT NULL,
  `service_id` int(11) NOT NULL,
  `type` int(11) NOT NULL,
  `sample_period` int(11) DEFAULT NULL,
  `status` int(11) NOT NULL DEFAULT '0',
  `vlan1_id` int(11) DEFAULT NULL,
  `vlan1_priority` int(11) DEFAULT NULL,
  `vlan2_id` int(11) DEFAULT NULL,
  `vlan2_priority` int(11) DEFAULT NULL,
  `source_udp_port` int(11) DEFAULT NULL,
  `destination_udp_port` int(11) DEFAULT NULL,
  `dscp` int(11) DEFAULT NULL,
  `ecn` int(11) DEFAULT NULL,
  `is_deleted` int(11) NOT NULL DEFAULT '0',
  `device_id` int(11) NOT NULL,
  `sla_id` int(11) DEFAULT NULL,
  `group_id` int(11) DEFAULT NULL,
  `sla_is_disabled` int(11) NOT NULL DEFAULT '0',
  `source_ip` varchar(15) DEFAULT NULL,
  `destination_ip` varchar(15) DEFAULT NULL,
  `source_mac` varchar(32) DEFAULT NULL,
  `destination_mac` varchar(32) DEFAULT NULL,
  `critical` int(11) DEFAULT '0',
  `major` int(11) DEFAULT '0',
  `minor` int(11) DEFAULT '0',
  `info` int(11) DEFAULT '0',
  PRIMARY KEY (`id`),
  UNIQUE KEY `device_service_type_name` (`device_id`,`service_id`,`type`,`name`),
  KEY `sla_id` (`sla_id`),
  KEY `group_id` (`group_id`),
  KEY `sla_is_disabled` (`sla_is_disabled`),
  CONSTRAINT `device_service_ibfk_1` FOREIGN KEY (`device_id`) REFERENCES `device` (`id`) ON DELETE CASCADE ON UPDATE CASCADE,
  CONSTRAINT `device_service_ibfk_2` FOREIGN KEY (`sla_id`) REFERENCES `sla` (`id`) ON DELETE SET NULL ON UPDATE SET NULL,
  CONSTRAINT `device_service_ibfk_3` FOREIGN KEY (`group_id`) REFERENCES `group` (`id`) ON DELETE SET NULL ON UPDATE SET NULL
) ENGINE=InnoDB AUTO_INCREMENT=104 DEFAULT CHARSET=utf8;
/*!40101 SET character_set_client = @saved_cs_client */;

--
-- Dumping data for table `device_service`
--

LOCK TABLES `device_service` WRITE;
/*!40000 ALTER TABLE `device_service` DISABLE KEYS */;
INSERT INTO `device_service` VALUES (49,'new',NULL,20000,1000,8,8,1,1,NULL,0,NULL,NULL,NULL,NULL,NULL,NULL,NULL,NULL,0,3,NULL,NULL,0,NULL,NULL,NULL,NULL,0,0,0,0),(50,'Test',NULL,20000,1000,8,8,2,1,NULL,0,NULL,NULL,NULL,NULL,NULL,NULL,NULL,NULL,0,3,NULL,NULL,0,NULL,NULL,NULL,NULL,0,0,0,0),(51,'Cvas1-Cvas2-L2',1500,NULL,NULL,NULL,NULL,1,2,500,0,NULL,NULL,NULL,NULL,NULL,NULL,NULL,NULL,0,3,73,NULL,0,NULL,NULL,NULL,'00:15:AD:0C:FE:77',78,0,78,0),(52,'new',120,NULL,NULL,NULL,NULL,3,2,1000,0,NULL,NULL,NULL,NULL,NULL,NULL,NULL,NULL,0,3,NULL,NULL,0,NULL,NULL,NULL,'00:15:AD:0C:FE:77',0,0,0,0),(53,',jhgljb',66,NULL,NULL,NULL,NULL,9,2,1000,1,0,0,0,0,NULL,NULL,NULL,0,0,3,NULL,NULL,0,NULL,NULL,NULL,'ff:ff:ff:ff:ff:ff',0,0,0,0),(54,'Cvas1-Cvas2-L3',1300,NULL,NULL,NULL,NULL,2,3,300,0,NULL,NULL,NULL,NULL,8793,8793,0,0,0,3,73,NULL,0,NULL,'10.10.10.3',NULL,NULL,74,0,74,0),(55,'TestForSsh1',66,NULL,NULL,NULL,NULL,4,3,1000,0,NULL,NULL,NULL,NULL,8793,8793,0,0,0,3,NULL,NULL,0,NULL,'192.168.1.4',NULL,NULL,0,0,0,0),(56,'TestForSsh2',66,NULL,NULL,NULL,NULL,5,3,1000,0,NULL,NULL,NULL,NULL,8793,8793,0,0,0,3,NULL,NULL,0,NULL,'192.168.1.4',NULL,NULL,0,0,0,0),(57,'TestForSsh3',66,NULL,NULL,NULL,NULL,6,3,1000,0,NULL,NULL,NULL,NULL,8793,8793,0,0,0,3,NULL,NULL,0,NULL,'192.168.1.4',NULL,NULL,0,0,0,0),(58,'TestForSsh4',66,NULL,NULL,NULL,NULL,7,3,1000,0,NULL,NULL,NULL,NULL,8793,8793,0,0,0,3,NULL,NULL,0,NULL,'192.168.1.4',NULL,NULL,0,0,0,0),(59,'TestForSsh5',66,NULL,NULL,NULL,NULL,8,3,1000,0,NULL,NULL,NULL,NULL,8793,8793,0,0,0,3,NULL,NULL,0,NULL,'192.168.1.4',NULL,NULL,0,0,0,0),(89,'new',NULL,250,0,8,8,1,1,NULL,0,NULL,NULL,NULL,NULL,NULL,NULL,NULL,NULL,0,6,NULL,NULL,0,NULL,NULL,NULL,NULL,0,0,0,0),(90,'Cvas1-Cvas2-L2',1500,NULL,NULL,NULL,NULL,1,2,500,0,NULL,NULL,NULL,NULL,NULL,NULL,NULL,NULL,0,6,73,NULL,0,NULL,NULL,NULL,'00:15:AD:0C:FD:37',66,0,66,0),(91,'Cvas1-Cvas2-L3',1300,NULL,NULL,NULL,NULL,2,3,300,0,NULL,NULL,NULL,NULL,8793,8793,0,0,0,6,73,NULL,0,NULL,'10.10.10.2',NULL,NULL,62,0,62,0),(93,'TestForSsh1',66,NULL,NULL,NULL,NULL,3,3,1000,0,NULL,NULL,NULL,NULL,8793,8793,0,0,0,6,NULL,NULL,0,NULL,'192.168.1.3',NULL,NULL,0,0,0,0),(95,'TestForSsh2',66,NULL,NULL,NULL,NULL,4,3,1000,0,NULL,NULL,NULL,NULL,8793,8793,0,0,0,6,NULL,NULL,0,NULL,'192.168.1.3',NULL,NULL,0,0,0,0),(97,'TestForSsh3',66,NULL,NULL,NULL,NULL,5,3,1000,0,NULL,NULL,NULL,NULL,8793,8793,0,0,0,6,NULL,NULL,0,NULL,'192.168.1.3',NULL,NULL,0,0,0,0),(99,'TestForSsh4',66,NULL,NULL,NULL,NULL,6,3,1000,0,NULL,NULL,NULL,NULL,8793,8793,0,0,0,6,NULL,NULL,0,NULL,'192.168.1.3',NULL,NULL,0,0,0,0),(101,'TestForSsh6',66,NULL,NULL,NULL,NULL,7,3,1000,0,NULL,NULL,NULL,NULL,8793,8793,0,0,0,6,NULL,NULL,0,NULL,'192.168.1.3',NULL,NULL,0,0,0,0),(103,'TestForSsh5',66,NULL,NULL,NULL,NULL,8,3,1000,0,NULL,NULL,NULL,NULL,8793,8793,0,0,0,6,NULL,NULL,0,NULL,'192.168.1.3',NULL,NULL,0,0,0,0);
/*!40000 ALTER TABLE `device_service` ENABLE KEYS */;
UNLOCK TABLES;

--
-- Table structure for table `event`
--

DROP TABLE IF EXISTS `event`;
/*!40101 SET @saved_cs_client     = @@character_set_client */;
/*!40101 SET character_set_client = utf8 */;
CREATE TABLE `event` (
  `id` int(11) NOT NULL AUTO_INCREMENT,
  `content_type` int(11) NOT NULL,
  `content_id` int(11) NOT NULL,
  `level` int(11) NOT NULL,
  `message` varchar(1000) NOT NULL,
  `event_time` bigint(20) NOT NULL,
  `create_time` datetime NOT NULL,
  PRIMARY KEY (`id`)
) ENGINE=InnoDB AUTO_INCREMENT=1110 DEFAULT CHARSET=utf8;
/*!40101 SET character_set_client = @saved_cs_client */;

--
-- Dumping data for table `event`
--

LOCK TABLES `event` WRITE;
/*!40000 ALTER TABLE `event` DISABLE KEYS */;
INSERT INTO `event` VALUES (1,6,-1,1,'File G132-2590_history_2015-08-13_08h30m00s_paa_all_463554.csv.gz successfully proceed',1441785314826,'2015-09-09 12:25:14'),(2,6,-1,1,'File G132-2590_history_2015-08-13_08h30m00s_regulator_all_212851.csv.gz successfully proceed',1441785315393,'2015-09-09 12:25:15'),(3,6,-1,1,'File G132-2550_history_2015-09-09_02h45m00s_paa_all_510729.csv.gz successfully proceed',1441785432185,'2015-09-09 12:27:12'),(4,6,-1,1,'File G132-2550_history_2015-09-09_02h45m00s_regulator_all_487669.csv.gz successfully proceed',1441785432851,'2015-09-09 12:27:12'),(9,6,-1,1,'File G132-2590_history_2015-08-13_08h45m00s_regulator_all_212866.csv.gz successfully proceed',1441786188298,'2015-09-09 12:39:48'),(10,6,-1,1,'File G132-2590_history_2015-08-13_08h45m00s_paa_all_463569.csv.gz successfully proceed',1441786197657,'2015-09-09 12:39:57'),(11,6,-1,1,'File G132-2550_history_2015-09-09_03h00m00s_paa_all_510744.csv.gz successfully proceed',1441786722187,'2015-09-09 12:48:42'),(12,6,-1,1,'File G132-2550_history_2015-09-09_03h00m00s_regulator_all_487684.csv.gz successfully proceed',1441786723029,'2015-09-09 12:48:43'),(13,6,-1,1,'File G132-2590_history_2015-08-13_09h00m00s_regulator_all_212881.csv.gz successfully proceed',1441787088286,'2015-09-09 12:54:48'),(14,6,-1,1,'File G132-2590_history_2015-08-13_09h00m00s_paa_all_463584.csv.gz successfully proceed',1441787097031,'2015-09-09 12:54:57'),(15,6,-1,1,'File G132-2550_history_2015-09-09_03h15m00s_paa_all_510759.csv.gz successfully proceed',1441787216834,'2015-09-09 12:56:56'),(16,6,-1,1,'File G132-2550_history_2015-09-09_03h15m00s_regulator_all_487699.csv.gz successfully proceed',1441787217646,'2015-09-09 12:56:57'),(17,2,3,1,'SNMP Request Time Out, Check Node Connectivity. Node IP: \'192.168.1.3\'. Node Serial: \'G132-2550\'.',1441787387329,'2015-09-09 12:59:47'),(18,2,3,1,'SNMP Request Time Out, Check Node Connectivity. Node IP: \'192.168.1.3\'. Node Serial: \'G132-2550\'.',1441787402329,'2015-09-09 13:00:02'),(19,2,3,1,'SNMP Request Time Out, Check Node Connectivity. Node IP: \'192.168.1.3\'. Node Serial: \'G132-2550\'.',1441787417328,'2015-09-09 13:00:17'),(20,2,3,1,'SNMP Request Time Out, Check Node Connectivity. Node IP: \'192.168.1.3\'. Node Serial: \'G132-2550\'.',1441787432328,'2015-09-09 13:00:32'),(22,2,3,1,'SNMP Request Time Out, Check Node Connectivity. Node IP: \'192.168.1.3\'. Node Serial: \'G132-2550\'.',1441787447416,'2015-09-09 13:00:47'),(23,2,3,1,'SNMP Request Time Out, Check Node Connectivity. Node IP: \'192.168.1.3\'. Node Serial: \'G132-2550\'.',1441787462329,'2015-09-09 13:01:02'),(25,2,3,1,'SNMP Request Time Out, Check Node Connectivity. Node IP: \'192.168.1.3\'. Node Serial: \'G132-2550\'.',1441787477329,'2015-09-09 13:01:17'),(27,2,3,1,'SNMP Request Time Out, Check Node Connectivity. Node IP: \'192.168.1.3\'. Node Serial: \'G132-2550\'.',1441787492329,'2015-09-09 13:01:32'),(29,2,3,1,'SNMP Request Time Out, Check Node Connectivity. Node IP: \'192.168.1.3\'. Node Serial: \'G132-2550\'.',1441787507328,'2015-09-09 13:01:47'),(31,2,3,1,'SNMP Request Time Out, Check Node Connectivity. Node IP: \'192.168.1.3\'. Node Serial: \'G132-2550\'.',1441787522329,'2015-09-09 13:02:02'),(33,2,3,1,'SNMP Request Time Out, Check Node Connectivity. Node IP: \'192.168.1.3\'. Node Serial: \'G132-2550\'.',1441787537327,'2015-09-09 13:02:17'),(35,2,3,1,'SNMP Request Time Out, Check Node Connectivity. Node IP: \'192.168.1.3\'. Node Serial: \'G132-2550\'.',1441787552329,'2015-09-09 13:02:32'),(37,2,3,1,'SNMP Request Time Out, Check Node Connectivity. Node IP: \'192.168.1.3\'. Node Serial: \'G132-2550\'.',1441787567330,'2015-09-09 13:02:47'),(39,2,3,1,'SNMP Request Time Out, Check Node Connectivity. Node IP: \'192.168.1.3\'. Node Serial: \'G132-2550\'.',1441787582330,'2015-09-09 13:03:02'),(41,2,3,1,'SNMP Request Time Out, Check Node Connectivity. Node IP: \'192.168.1.3\'. Node Serial: \'G132-2550\'.',1441787597329,'2015-09-09 13:03:17'),(43,2,3,1,'SNMP Request Time Out, Check Node Connectivity. Node IP: \'192.168.1.3\'. Node Serial: \'G132-2550\'.',1441787612328,'2015-09-09 13:03:32'),(45,2,3,1,'SNMP Request Time Out, Check Node Connectivity. Node IP: \'192.168.1.3\'. Node Serial: \'G132-2550\'.',1441787627328,'2015-09-09 13:03:47'),(47,2,3,1,'SNMP Request Time Out, Check Node Connectivity. Node IP: \'192.168.1.3\'. Node Serial: \'G132-2550\'.',1441787642330,'2015-09-09 13:04:02'),(49,2,3,1,'SNMP Request Time Out, Check Node Connectivity. Node IP: \'192.168.1.3\'. Node Serial: \'G132-2550\'.',1441787657328,'2015-09-09 13:04:17'),(51,2,3,1,'SNMP Request Time Out, Check Node Connectivity. Node IP: \'192.168.1.3\'. Node Serial: \'G132-2550\'.',1441787672329,'2015-09-09 13:04:32'),(53,2,3,1,'SNMP Request Time Out, Check Node Connectivity. Node IP: \'192.168.1.3\'. Node Serial: \'G132-2550\'.',1441787687329,'2015-09-09 13:04:47'),(56,2,3,1,'SNMP Request Time Out, Check Node Connectivity. Node IP: \'192.168.1.3\'. Node Serial: \'G132-2550\'.',1441787702379,'2015-09-09 13:05:02'),(57,2,3,1,'SNMP Request Time Out, Check Node Connectivity. Node IP: \'192.168.1.3\'. Node Serial: \'G132-2550\'.',1441787792331,'2015-09-09 13:06:32'),(59,2,3,1,'SNMP Request Time Out, Check Node Connectivity. Node IP: \'192.168.1.3\'. Node Serial: \'G132-2550\'.',1441787807331,'2015-09-09 13:06:47'),(61,2,3,1,'SNMP Request Time Out, Check Node Connectivity. Node IP: \'192.168.1.3\'. Node Serial: \'G132-2550\'.',1441787822331,'2015-09-09 13:07:02'),(63,2,3,1,'SNMP Request Time Out, Check Node Connectivity. Node IP: \'192.168.1.3\'. Node Serial: \'G132-2550\'.',1441787837445,'2015-09-09 13:07:17'),(64,2,3,1,'SNMP Request Time Out, Check Node Connectivity. Node IP: \'192.168.1.3\'. Node Serial: \'G132-2550\'.',1441787852376,'2015-09-09 13:07:32'),(65,2,3,1,'SNMP Request Time Out, Check Node Connectivity. Node IP: \'192.168.1.3\'. Node Serial: \'G132-2550\'.',1441787867419,'2015-09-09 13:07:47'),(66,2,3,1,'SNMP Request Time Out, Check Node Connectivity. Node IP: \'192.168.1.3\'. Node Serial: \'G132-2550\'.',1441787882331,'2015-09-09 13:08:02'),(67,2,3,1,'SNMP Request Time Out, Check Node Connectivity. Node IP: \'192.168.1.3\'. Node Serial: \'G132-2550\'.',1441787897329,'2015-09-09 13:08:17'),(68,2,3,1,'SNMP Request Time Out, Check Node Connectivity. Node IP: \'192.168.1.3\'. Node Serial: \'G132-2550\'.',1441787912420,'2015-09-09 13:08:32'),(69,2,3,1,'SNMP Request Time Out, Check Node Connectivity. Node IP: \'192.168.1.3\'. Node Serial: \'G132-2550\'.',1441787927467,'2015-09-09 13:08:47'),(70,2,3,1,'SNMP Request Time Out, Check Node Connectivity. Node IP: \'192.168.1.3\'. Node Serial: \'G132-2550\'.',1441787942329,'2015-09-09 13:09:02'),(71,2,3,1,'SNMP Request Time Out, Check Node Connectivity. Node IP: \'192.168.1.3\'. Node Serial: \'G132-2550\'.',1441787957412,'2015-09-09 13:09:17'),(72,6,-1,1,'File G132-2550_history_2015-09-09_03h15m00s_paa_all_510763.csv.gz successfully proceed',1441787974284,'2015-09-09 13:09:34'),(73,6,-1,1,'File G132-2550_history_2015-09-09_03h15m00s_regulator_all_487704.csv.gz successfully proceed',1441787978297,'2015-09-09 13:09:38'),(74,3,741,3,'SLA Violation: Node: \'G132-2550\', PAA Name: Cvas1-Cvas2-L2, Service Number: 1, KPI: \'one_way_dv_avg\' ',1441788017,'2015-09-09 13:10:17'),(75,3,742,4,'SLA Violation: Node: \'G132-2550\', PAA Name: Cvas1-Cvas2-L2, Service Number: 1, KPI: \'two_way_delay_min\' ',1441788017,'2015-09-09 13:10:17'),(76,3,1101,3,'SLA Violation: Node: \'G132-2590\', PAA Name: Cvas1-Cvas2-L2, Service Number: 1, KPI: \'one_way_dv_avg\' ',1441788017,'2015-09-09 13:10:17'),(77,3,1102,4,'SLA Violation: Node: \'G132-2590\', PAA Name: Cvas1-Cvas2-L2, Service Number: 1, KPI: \'two_way_delay_min\' ',1441788017,'2015-09-09 13:10:17'),(78,3,741,3,'SLA Violation: Node: \'G132-2550\', PAA Name: Cvas1-Cvas2-L2, Service Number: 1, KPI: \'one_way_dv_avg\' ',1441788032,'2015-09-09 13:10:32'),(79,3,742,4,'SLA Violation: Node: \'G132-2550\', PAA Name: Cvas1-Cvas2-L2, Service Number: 1, KPI: \'two_way_delay_min\' ',1441788032,'2015-09-09 13:10:32'),(80,3,1101,3,'SLA Violation: Node: \'G132-2590\', PAA Name: Cvas1-Cvas2-L2, Service Number: 1, KPI: \'one_way_dv_avg\' ',1441788032,'2015-09-09 13:10:32'),(81,3,1102,4,'SLA Violation: Node: \'G132-2590\', PAA Name: Cvas1-Cvas2-L2, Service Number: 1, KPI: \'two_way_delay_min\' ',1441788032,'2015-09-09 13:10:32'),(82,3,741,3,'SLA Violation: Node: \'G132-2550\', PAA Name: Cvas1-Cvas2-L2, Service Number: 1, KPI: \'one_way_dv_avg\' ',1441788047,'2015-09-09 13:10:47'),(83,3,742,4,'SLA Violation: Node: \'G132-2550\', PAA Name: Cvas1-Cvas2-L2, Service Number: 1, KPI: \'two_way_delay_min\' ',1441788047,'2015-09-09 13:10:47'),(84,3,1101,3,'SLA Violation: Node: \'G132-2590\', PAA Name: Cvas1-Cvas2-L2, Service Number: 1, KPI: \'one_way_dv_avg\' ',1441788047,'2015-09-09 13:10:47'),(85,3,1102,4,'SLA Violation: Node: \'G132-2590\', PAA Name: Cvas1-Cvas2-L2, Service Number: 1, KPI: \'two_way_delay_min\' ',1441788047,'2015-09-09 13:10:47'),(86,3,741,3,'SLA Violation: Node: \'G132-2550\', PAA Name: Cvas1-Cvas2-L2, Service Number: 1, KPI: \'one_way_dv_avg\' ',1441788062,'2015-09-09 13:11:02'),(87,3,742,4,'SLA Violation: Node: \'G132-2550\', PAA Name: Cvas1-Cvas2-L2, Service Number: 1, KPI: \'two_way_delay_min\' ',1441788062,'2015-09-09 13:11:02'),(88,3,1101,3,'SLA Violation: Node: \'G132-2590\', PAA Name: Cvas1-Cvas2-L2, Service Number: 1, KPI: \'one_way_dv_avg\' ',1441788062,'2015-09-09 13:11:02'),(89,3,1102,4,'SLA Violation: Node: \'G132-2590\', PAA Name: Cvas1-Cvas2-L2, Service Number: 1, KPI: \'two_way_delay_min\' ',1441788062,'2015-09-09 13:11:02'),(90,3,741,3,'SLA Violation: Node: \'G132-2550\', PAA Name: Cvas1-Cvas2-L2, Service Number: 1, KPI: \'one_way_dv_avg\' ',1441788077,'2015-09-09 13:11:17'),(91,3,742,4,'SLA Violation: Node: \'G132-2550\', PAA Name: Cvas1-Cvas2-L2, Service Number: 1, KPI: \'two_way_delay_min\' ',1441788077,'2015-09-09 13:11:17'),(92,3,755,3,'SLA Violation: Node: \'G132-2550\', PAA Name: Cvas1-Cvas2-L3, Service Number: 2, KPI: \'one_way_dv_avg\' ',1441788077,'2015-09-09 13:11:17'),(93,3,756,4,'SLA Violation: Node: \'G132-2550\', PAA Name: Cvas1-Cvas2-L3, Service Number: 2, KPI: \'two_way_delay_min\' ',1441788077,'2015-09-09 13:11:17'),(94,3,1101,3,'SLA Violation: Node: \'G132-2590\', PAA Name: Cvas1-Cvas2-L2, Service Number: 1, KPI: \'one_way_dv_avg\' ',1441788077,'2015-09-09 13:11:17'),(95,3,1102,4,'SLA Violation: Node: \'G132-2590\', PAA Name: Cvas1-Cvas2-L2, Service Number: 1, KPI: \'two_way_delay_min\' ',1441788077,'2015-09-09 13:11:17'),(96,3,1115,3,'SLA Violation: Node: \'G132-2590\', PAA Name: Cvas1-Cvas2-L3, Service Number: 2, KPI: \'one_way_dv_avg\' ',1441788077,'2015-09-09 13:11:17'),(97,3,1116,4,'SLA Violation: Node: \'G132-2590\', PAA Name: Cvas1-Cvas2-L3, Service Number: 2, KPI: \'two_way_delay_min\' ',1441788077,'2015-09-09 13:11:17'),(98,3,741,3,'SLA Violation: Node: \'G132-2550\', PAA Name: Cvas1-Cvas2-L2, Service Number: 1, KPI: \'one_way_dv_avg\' ',1441788092,'2015-09-09 13:11:32'),(99,3,755,3,'SLA Violation: Node: \'G132-2550\', PAA Name: Cvas1-Cvas2-L3, Service Number: 2, KPI: \'one_way_dv_avg\' ',1441788092,'2015-09-09 13:11:32'),(100,3,742,4,'SLA Violation: Node: \'G132-2550\', PAA Name: Cvas1-Cvas2-L2, Service Number: 1, KPI: \'two_way_delay_min\' ',1441788092,'2015-09-09 13:11:32'),(101,3,756,4,'SLA Violation: Node: \'G132-2550\', PAA Name: Cvas1-Cvas2-L3, Service Number: 2, KPI: \'two_way_delay_min\' ',1441788092,'2015-09-09 13:11:32'),(102,3,1102,4,'SLA Violation: Node: \'G132-2590\', PAA Name: Cvas1-Cvas2-L2, Service Number: 1, KPI: \'two_way_delay_min\' ',1441788092,'2015-09-09 13:11:32'),(103,3,1101,3,'SLA Violation: Node: \'G132-2590\', PAA Name: Cvas1-Cvas2-L2, Service Number: 1, KPI: \'one_way_dv_avg\' ',1441788092,'2015-09-09 13:11:32'),(104,3,1115,3,'SLA Violation: Node: \'G132-2590\', PAA Name: Cvas1-Cvas2-L3, Service Number: 2, KPI: \'one_way_dv_avg\' ',1441788092,'2015-09-09 13:11:32'),(105,3,1116,4,'SLA Violation: Node: \'G132-2590\', PAA Name: Cvas1-Cvas2-L3, Service Number: 2, KPI: \'two_way_delay_min\' ',1441788092,'2015-09-09 13:11:32'),(106,3,1101,3,'SLA Violation: Node: \'G132-2590\', PAA Name: Cvas1-Cvas2-L2, Service Number: 1, KPI: \'one_way_dv_avg\' ',1441788107,'2015-09-09 13:11:47'),(107,3,1115,3,'SLA Violation: Node: \'G132-2590\', PAA Name: Cvas1-Cvas2-L3, Service Number: 2, KPI: \'one_way_dv_avg\' ',1441788107,'2015-09-09 13:11:47'),(108,3,1102,4,'SLA Violation: Node: \'G132-2590\', PAA Name: Cvas1-Cvas2-L2, Service Number: 1, KPI: \'two_way_delay_min\' ',1441788107,'2015-09-09 13:11:47'),(109,3,1116,4,'SLA Violation: Node: \'G132-2590\', PAA Name: Cvas1-Cvas2-L3, Service Number: 2, KPI: \'two_way_delay_min\' ',1441788107,'2015-09-09 13:11:47'),(110,3,741,3,'SLA Violation: Node: \'G132-2550\', PAA Name: Cvas1-Cvas2-L2, Service Number: 1, KPI: \'one_way_dv_avg\' ',1441788107,'2015-09-09 13:11:47'),(111,3,742,4,'SLA Violation: Node: \'G132-2550\', PAA Name: Cvas1-Cvas2-L2, Service Number: 1, KPI: \'two_way_delay_min\' ',1441788107,'2015-09-09 13:11:47'),(112,3,755,3,'SLA Violation: Node: \'G132-2550\', PAA Name: Cvas1-Cvas2-L3, Service Number: 2, KPI: \'one_way_dv_avg\' ',1441788107,'2015-09-09 13:11:47'),(113,3,756,4,'SLA Violation: Node: \'G132-2550\', PAA Name: Cvas1-Cvas2-L3, Service Number: 2, KPI: \'two_way_delay_min\' ',1441788107,'2015-09-09 13:11:47'),(114,3,741,3,'SLA Violation: Node: \'G132-2550\', PAA Name: Cvas1-Cvas2-L2, Service Number: 1, KPI: \'one_way_dv_avg\' ',1441788122,'2015-09-09 13:12:02'),(115,3,742,4,'SLA Violation: Node: \'G132-2550\', PAA Name: Cvas1-Cvas2-L2, Service Number: 1, KPI: \'two_way_delay_min\' ',1441788122,'2015-09-09 13:12:02'),(116,3,755,3,'SLA Violation: Node: \'G132-2550\', PAA Name: Cvas1-Cvas2-L3, Service Number: 2, KPI: \'one_way_dv_avg\' ',1441788122,'2015-09-09 13:12:02'),(117,3,756,4,'SLA Violation: Node: \'G132-2550\', PAA Name: Cvas1-Cvas2-L3, Service Number: 2, KPI: \'two_way_delay_min\' ',1441788122,'2015-09-09 13:12:02'),(118,3,1101,3,'SLA Violation: Node: \'G132-2590\', PAA Name: Cvas1-Cvas2-L2, Service Number: 1, KPI: \'one_way_dv_avg\' ',1441788122,'2015-09-09 13:12:02'),(119,3,1102,4,'SLA Violation: Node: \'G132-2590\', PAA Name: Cvas1-Cvas2-L2, Service Number: 1, KPI: \'two_way_delay_min\' ',1441788122,'2015-09-09 13:12:02'),(120,3,1115,3,'SLA Violation: Node: \'G132-2590\', PAA Name: Cvas1-Cvas2-L3, Service Number: 2, KPI: \'one_way_dv_avg\' ',1441788122,'2015-09-09 13:12:02'),(121,3,1116,4,'SLA Violation: Node: \'G132-2590\', PAA Name: Cvas1-Cvas2-L3, Service Number: 2, KPI: \'two_way_delay_min\' ',1441788122,'2015-09-09 13:12:02'),(122,3,741,3,'SLA Violation: Node: \'G132-2550\', PAA Name: Cvas1-Cvas2-L2, Service Number: 1, KPI: \'one_way_dv_avg\' ',1441788137,'2015-09-09 13:12:17'),(123,3,742,4,'SLA Violation: Node: \'G132-2550\', PAA Name: Cvas1-Cvas2-L2, Service Number: 1, KPI: \'two_way_delay_min\' ',1441788137,'2015-09-09 13:12:17'),(124,3,755,3,'SLA Violation: Node: \'G132-2550\', PAA Name: Cvas1-Cvas2-L3, Service Number: 2, KPI: \'one_way_dv_avg\' ',1441788137,'2015-09-09 13:12:17'),(125,3,1102,4,'SLA Violation: Node: \'G132-2590\', PAA Name: Cvas1-Cvas2-L2, Service Number: 1, KPI: \'two_way_delay_min\' ',1441788137,'2015-09-09 13:12:17'),(126,3,1101,3,'SLA Violation: Node: \'G132-2590\', PAA Name: Cvas1-Cvas2-L2, Service Number: 1, KPI: \'one_way_dv_avg\' ',1441788137,'2015-09-09 13:12:17'),(127,3,756,4,'SLA Violation: Node: \'G132-2550\', PAA Name: Cvas1-Cvas2-L3, Service Number: 2, KPI: \'two_way_delay_min\' ',1441788137,'2015-09-09 13:12:17'),(128,3,1115,3,'SLA Violation: Node: \'G132-2590\', PAA Name: Cvas1-Cvas2-L3, Service Number: 2, KPI: \'one_way_dv_avg\' ',1441788137,'2015-09-09 13:12:17'),(129,3,1116,4,'SLA Violation: Node: \'G132-2590\', PAA Name: Cvas1-Cvas2-L3, Service Number: 2, KPI: \'two_way_delay_min\' ',1441788137,'2015-09-09 13:12:17'),(130,3,742,4,'SLA Violation: Node: \'G132-2550\', PAA Name: Cvas1-Cvas2-L2, Service Number: 1, KPI: \'two_way_delay_min\' ',1441788152,'2015-09-09 13:12:32'),(131,3,755,3,'SLA Violation: Node: \'G132-2550\', PAA Name: Cvas1-Cvas2-L3, Service Number: 2, KPI: \'one_way_dv_avg\' ',1441788152,'2015-09-09 13:12:32'),(132,3,741,3,'SLA Violation: Node: \'G132-2550\', PAA Name: Cvas1-Cvas2-L2, Service Number: 1, KPI: \'one_way_dv_avg\' ',1441788152,'2015-09-09 13:12:32'),(133,3,756,4,'SLA Violation: Node: \'G132-2550\', PAA Name: Cvas1-Cvas2-L3, Service Number: 2, KPI: \'two_way_delay_min\' ',1441788152,'2015-09-09 13:12:32'),(134,3,1101,3,'SLA Violation: Node: \'G132-2590\', PAA Name: Cvas1-Cvas2-L2, Service Number: 1, KPI: \'one_way_dv_avg\' ',1441788152,'2015-09-09 13:12:32'),(135,3,1102,4,'SLA Violation: Node: \'G132-2590\', PAA Name: Cvas1-Cvas2-L2, Service Number: 1, KPI: \'two_way_delay_min\' ',1441788152,'2015-09-09 13:12:32'),(136,3,1115,3,'SLA Violation: Node: \'G132-2590\', PAA Name: Cvas1-Cvas2-L3, Service Number: 2, KPI: \'one_way_dv_avg\' ',1441788152,'2015-09-09 13:12:32'),(137,3,1116,4,'SLA Violation: Node: \'G132-2590\', PAA Name: Cvas1-Cvas2-L3, Service Number: 2, KPI: \'two_way_delay_min\' ',1441788152,'2015-09-09 13:12:32'),(138,3,741,3,'SLA Violation: Node: \'G132-2550\', PAA Name: Cvas1-Cvas2-L2, Service Number: 1, KPI: \'one_way_dv_avg\' ',1441788167,'2015-09-09 13:12:47'),(139,3,742,4,'SLA Violation: Node: \'G132-2550\', PAA Name: Cvas1-Cvas2-L2, Service Number: 1, KPI: \'two_way_delay_min\' ',1441788167,'2015-09-09 13:12:47'),(140,3,755,3,'SLA Violation: Node: \'G132-2550\', PAA Name: Cvas1-Cvas2-L3, Service Number: 2, KPI: \'one_way_dv_avg\' ',1441788167,'2015-09-09 13:12:47'),(141,3,756,4,'SLA Violation: Node: \'G132-2550\', PAA Name: Cvas1-Cvas2-L3, Service Number: 2, KPI: \'two_way_delay_min\' ',1441788167,'2015-09-09 13:12:47'),(142,3,1101,3,'SLA Violation: Node: \'G132-2590\', PAA Name: Cvas1-Cvas2-L2, Service Number: 1, KPI: \'one_way_dv_avg\' ',1441788167,'2015-09-09 13:12:47'),(143,3,1102,4,'SLA Violation: Node: \'G132-2590\', PAA Name: Cvas1-Cvas2-L2, Service Number: 1, KPI: \'two_way_delay_min\' ',1441788167,'2015-09-09 13:12:47'),(144,3,1115,3,'SLA Violation: Node: \'G132-2590\', PAA Name: Cvas1-Cvas2-L3, Service Number: 2, KPI: \'one_way_dv_avg\' ',1441788167,'2015-09-09 13:12:47'),(145,3,1116,4,'SLA Violation: Node: \'G132-2590\', PAA Name: Cvas1-Cvas2-L3, Service Number: 2, KPI: \'two_way_delay_min\' ',1441788167,'2015-09-09 13:12:47'),(146,3,741,3,'SLA Violation: Node: \'G132-2550\', PAA Name: Cvas1-Cvas2-L2, Service Number: 1, KPI: \'one_way_dv_avg\' ',1441788182,'2015-09-09 13:13:02'),(147,3,755,3,'SLA Violation: Node: \'G132-2550\', PAA Name: Cvas1-Cvas2-L3, Service Number: 2, KPI: \'one_way_dv_avg\' ',1441788182,'2015-09-09 13:13:02'),(148,3,742,4,'SLA Violation: Node: \'G132-2550\', PAA Name: Cvas1-Cvas2-L2, Service Number: 1, KPI: \'two_way_delay_min\' ',1441788182,'2015-09-09 13:13:02'),(149,3,756,4,'SLA Violation: Node: \'G132-2550\', PAA Name: Cvas1-Cvas2-L3, Service Number: 2, KPI: \'two_way_delay_min\' ',1441788182,'2015-09-09 13:13:02'),(150,3,1101,3,'SLA Violation: Node: \'G132-2590\', PAA Name: Cvas1-Cvas2-L2, Service Number: 1, KPI: \'one_way_dv_avg\' ',1441788182,'2015-09-09 13:13:02'),(151,3,1102,4,'SLA Violation: Node: \'G132-2590\', PAA Name: Cvas1-Cvas2-L2, Service Number: 1, KPI: \'two_way_delay_min\' ',1441788182,'2015-09-09 13:13:02'),(152,3,1115,3,'SLA Violation: Node: \'G132-2590\', PAA Name: Cvas1-Cvas2-L3, Service Number: 2, KPI: \'one_way_dv_avg\' ',1441788182,'2015-09-09 13:13:02'),(153,3,1116,4,'SLA Violation: Node: \'G132-2590\', PAA Name: Cvas1-Cvas2-L3, Service Number: 2, KPI: \'two_way_delay_min\' ',1441788182,'2015-09-09 13:13:02'),(154,3,741,3,'SLA Violation: Node: \'G132-2550\', PAA Name: Cvas1-Cvas2-L2, Service Number: 1, KPI: \'one_way_dv_avg\' ',1441788197,'2015-09-09 13:13:17'),(155,3,742,4,'SLA Violation: Node: \'G132-2550\', PAA Name: Cvas1-Cvas2-L2, Service Number: 1, KPI: \'two_way_delay_min\' ',1441788197,'2015-09-09 13:13:17'),(156,3,755,3,'SLA Violation: Node: \'G132-2550\', PAA Name: Cvas1-Cvas2-L3, Service Number: 2, KPI: \'one_way_dv_avg\' ',1441788197,'2015-09-09 13:13:17'),(157,3,756,4,'SLA Violation: Node: \'G132-2550\', PAA Name: Cvas1-Cvas2-L3, Service Number: 2, KPI: \'two_way_delay_min\' ',1441788197,'2015-09-09 13:13:17'),(158,3,741,3,'SLA Violation: Node: \'G132-2550\', PAA Name: Cvas1-Cvas2-L2, Service Number: 1, KPI: \'one_way_dv_avg\' ',1441788212,'2015-09-09 13:13:32'),(159,3,742,4,'SLA Violation: Node: \'G132-2550\', PAA Name: Cvas1-Cvas2-L2, Service Number: 1, KPI: \'two_way_delay_min\' ',1441788212,'2015-09-09 13:13:32'),(160,3,755,3,'SLA Violation: Node: \'G132-2550\', PAA Name: Cvas1-Cvas2-L3, Service Number: 2, KPI: \'one_way_dv_avg\' ',1441788212,'2015-09-09 13:13:32'),(161,3,756,4,'SLA Violation: Node: \'G132-2550\', PAA Name: Cvas1-Cvas2-L3, Service Number: 2, KPI: \'two_way_delay_min\' ',1441788212,'2015-09-09 13:13:32'),(162,3,1101,3,'SLA Violation: Node: \'G132-2590\', PAA Name: Cvas1-Cvas2-L2, Service Number: 1, KPI: \'one_way_dv_avg\' ',1441788212,'2015-09-09 13:13:32'),(163,3,1102,4,'SLA Violation: Node: \'G132-2590\', PAA Name: Cvas1-Cvas2-L2, Service Number: 1, KPI: \'two_way_delay_min\' ',1441788212,'2015-09-09 13:13:32'),(164,3,1115,3,'SLA Violation: Node: \'G132-2590\', PAA Name: Cvas1-Cvas2-L3, Service Number: 2, KPI: \'one_way_dv_avg\' ',1441788212,'2015-09-09 13:13:32'),(165,3,1116,4,'SLA Violation: Node: \'G132-2590\', PAA Name: Cvas1-Cvas2-L3, Service Number: 2, KPI: \'two_way_delay_min\' ',1441788212,'2015-09-09 13:13:32'),(166,3,741,3,'SLA Violation: Node: \'G132-2550\', PAA Name: Cvas1-Cvas2-L2, Service Number: 1, KPI: \'one_way_dv_avg\' ',1441788227,'2015-09-09 13:13:47'),(167,3,755,3,'SLA Violation: Node: \'G132-2550\', PAA Name: Cvas1-Cvas2-L3, Service Number: 2, KPI: \'one_way_dv_avg\' ',1441788227,'2015-09-09 13:13:47'),(168,3,742,4,'SLA Violation: Node: \'G132-2550\', PAA Name: Cvas1-Cvas2-L2, Service Number: 1, KPI: \'two_way_delay_min\' ',1441788227,'2015-09-09 13:13:47'),(169,3,756,4,'SLA Violation: Node: \'G132-2550\', PAA Name: Cvas1-Cvas2-L3, Service Number: 2, KPI: \'two_way_delay_min\' ',1441788227,'2015-09-09 13:13:47'),(170,3,1101,3,'SLA Violation: Node: \'G132-2590\', PAA Name: Cvas1-Cvas2-L2, Service Number: 1, KPI: \'one_way_dv_avg\' ',1441788227,'2015-09-09 13:13:47'),(171,3,1102,4,'SLA Violation: Node: \'G132-2590\', PAA Name: Cvas1-Cvas2-L2, Service Number: 1, KPI: \'two_way_delay_min\' ',1441788227,'2015-09-09 13:13:47'),(172,3,1115,3,'SLA Violation: Node: \'G132-2590\', PAA Name: Cvas1-Cvas2-L3, Service Number: 2, KPI: \'one_way_dv_avg\' ',1441788227,'2015-09-09 13:13:47'),(173,3,1116,4,'SLA Violation: Node: \'G132-2590\', PAA Name: Cvas1-Cvas2-L3, Service Number: 2, KPI: \'two_way_delay_min\' ',1441788227,'2015-09-09 13:13:47'),(174,3,741,3,'SLA Violation: Node: \'G132-2550\', PAA Name: Cvas1-Cvas2-L2, Service Number: 1, KPI: \'one_way_dv_avg\' ',1441788242,'2015-09-09 13:14:02'),(175,3,742,4,'SLA Violation: Node: \'G132-2550\', PAA Name: Cvas1-Cvas2-L2, Service Number: 1, KPI: \'two_way_delay_min\' ',1441788242,'2015-09-09 13:14:02'),(176,3,755,3,'SLA Violation: Node: \'G132-2550\', PAA Name: Cvas1-Cvas2-L3, Service Number: 2, KPI: \'one_way_dv_avg\' ',1441788242,'2015-09-09 13:14:02'),(177,3,756,4,'SLA Violation: Node: \'G132-2550\', PAA Name: Cvas1-Cvas2-L3, Service Number: 2, KPI: \'two_way_delay_min\' ',1441788242,'2015-09-09 13:14:02'),(178,3,1101,3,'SLA Violation: Node: \'G132-2590\', PAA Name: Cvas1-Cvas2-L2, Service Number: 1, KPI: \'one_way_dv_avg\' ',1441788242,'2015-09-09 13:14:02'),(179,3,1102,4,'SLA Violation: Node: \'G132-2590\', PAA Name: Cvas1-Cvas2-L2, Service Number: 1, KPI: \'two_way_delay_min\' ',1441788242,'2015-09-09 13:14:02'),(180,3,1115,3,'SLA Violation: Node: \'G132-2590\', PAA Name: Cvas1-Cvas2-L3, Service Number: 2, KPI: \'one_way_dv_avg\' ',1441788242,'2015-09-09 13:14:02'),(181,3,1116,4,'SLA Violation: Node: \'G132-2590\', PAA Name: Cvas1-Cvas2-L3, Service Number: 2, KPI: \'two_way_delay_min\' ',1441788242,'2015-09-09 13:14:02'),(182,6,-1,1,'File G132-2590_history_2015-08-13_08h45m00s_regulator_all_212892.csv.gz successfully proceed',1441788243526,'2015-09-09 13:14:03'),(183,3,1338,4,'SLA Violation: Node: \'G132-2590\', PAA Name: Cvas1-Cvas2-L2, Service Number: 1, KPI: \'two_way_delay_min\' ',1439455200,'2015-09-09 13:14:04'),(184,3,1337,3,'SLA Violation: Node: \'G132-2590\', PAA Name: Cvas1-Cvas2-L2, Service Number: 1, KPI: \'one_way_dv_avg\' ',1439455260,'2015-09-09 13:14:04'),(185,3,1337,3,'SLA Violation: Node: \'G132-2590\', PAA Name: Cvas1-Cvas2-L2, Service Number: 1, KPI: \'one_way_dv_avg\' ',1439455200,'2015-09-09 13:14:04'),(186,3,1338,4,'SLA Violation: Node: \'G132-2590\', PAA Name: Cvas1-Cvas2-L2, Service Number: 1, KPI: \'two_way_delay_min\' ',1439455260,'2015-09-09 13:14:04'),(187,3,1338,4,'SLA Violation: Node: \'G132-2590\', PAA Name: Cvas1-Cvas2-L2, Service Number: 1, KPI: \'two_way_delay_min\' ',1439455320,'2015-09-09 13:14:04'),(188,3,1337,3,'SLA Violation: Node: \'G132-2590\', PAA Name: Cvas1-Cvas2-L2, Service Number: 1, KPI: \'one_way_dv_avg\' ',1439455320,'2015-09-09 13:14:04'),(189,3,1337,3,'SLA Violation: Node: \'G132-2590\', PAA Name: Cvas1-Cvas2-L2, Service Number: 1, KPI: \'one_way_dv_avg\' ',1439455380,'2015-09-09 13:14:04'),(190,3,1338,4,'SLA Violation: Node: \'G132-2590\', PAA Name: Cvas1-Cvas2-L2, Service Number: 1, KPI: \'two_way_delay_min\' ',1439455380,'2015-09-09 13:14:04'),(191,3,1337,3,'SLA Violation: Node: \'G132-2590\', PAA Name: Cvas1-Cvas2-L2, Service Number: 1, KPI: \'one_way_dv_avg\' ',1439455440,'2015-09-09 13:14:04'),(192,3,1338,4,'SLA Violation: Node: \'G132-2590\', PAA Name: Cvas1-Cvas2-L2, Service Number: 1, KPI: \'two_way_delay_min\' ',1439455440,'2015-09-09 13:14:04'),(193,3,1337,3,'SLA Violation: Node: \'G132-2590\', PAA Name: Cvas1-Cvas2-L2, Service Number: 1, KPI: \'one_way_dv_avg\' ',1439455500,'2015-09-09 13:14:04'),(194,3,1338,4,'SLA Violation: Node: \'G132-2590\', PAA Name: Cvas1-Cvas2-L2, Service Number: 1, KPI: \'two_way_delay_min\' ',1439455500,'2015-09-09 13:14:04'),(195,3,1351,3,'SLA Violation: Node: \'G132-2590\', PAA Name: Cvas1-Cvas2-L3, Service Number: 2, KPI: \'one_way_dv_avg\' ',1439455260,'2015-09-09 13:14:05'),(196,3,1351,3,'SLA Violation: Node: \'G132-2590\', PAA Name: Cvas1-Cvas2-L3, Service Number: 2, KPI: \'one_way_dv_avg\' ',1439455200,'2015-09-09 13:14:05'),(197,3,1352,4,'SLA Violation: Node: \'G132-2590\', PAA Name: Cvas1-Cvas2-L3, Service Number: 2, KPI: \'two_way_delay_min\' ',1439455200,'2015-09-09 13:14:05'),(198,3,1352,4,'SLA Violation: Node: \'G132-2590\', PAA Name: Cvas1-Cvas2-L3, Service Number: 2, KPI: \'two_way_delay_min\' ',1439455260,'2015-09-09 13:14:05'),(199,3,1352,4,'SLA Violation: Node: \'G132-2590\', PAA Name: Cvas1-Cvas2-L3, Service Number: 2, KPI: \'two_way_delay_min\' ',1439455320,'2015-09-09 13:14:05'),(200,3,1351,3,'SLA Violation: Node: \'G132-2590\', PAA Name: Cvas1-Cvas2-L3, Service Number: 2, KPI: \'one_way_dv_avg\' ',1439455320,'2015-09-09 13:14:05'),(201,3,1351,3,'SLA Violation: Node: \'G132-2590\', PAA Name: Cvas1-Cvas2-L3, Service Number: 2, KPI: \'one_way_dv_avg\' ',1439455380,'2015-09-09 13:14:05'),(202,3,1351,3,'SLA Violation: Node: \'G132-2590\', PAA Name: Cvas1-Cvas2-L3, Service Number: 2, KPI: \'one_way_dv_avg\' ',1439455440,'2015-09-09 13:14:05'),(203,3,1352,4,'SLA Violation: Node: \'G132-2590\', PAA Name: Cvas1-Cvas2-L3, Service Number: 2, KPI: \'two_way_delay_min\' ',1439455380,'2015-09-09 13:14:05'),(204,3,1352,4,'SLA Violation: Node: \'G132-2590\', PAA Name: Cvas1-Cvas2-L3, Service Number: 2, KPI: \'two_way_delay_min\' ',1439455440,'2015-09-09 13:14:05'),(205,3,1351,3,'SLA Violation: Node: \'G132-2590\', PAA Name: Cvas1-Cvas2-L3, Service Number: 2, KPI: \'one_way_dv_avg\' ',1439455500,'2015-09-09 13:14:05'),(206,3,1352,4,'SLA Violation: Node: \'G132-2590\', PAA Name: Cvas1-Cvas2-L3, Service Number: 2, KPI: \'two_way_delay_min\' ',1439455500,'2015-09-09 13:14:05'),(207,6,-1,1,'File G132-2590_history_2015-08-13_08h45m00s_paa_all_463595.csv.gz successfully proceed',1441788252572,'2015-09-09 13:14:12'),(208,3,742,4,'SLA Violation: Node: \'G132-2550\', PAA Name: Cvas1-Cvas2-L2, Service Number: 1, KPI: \'two_way_delay_min\' ',1441788257,'2015-09-09 13:14:17'),(209,3,741,3,'SLA Violation: Node: \'G132-2550\', PAA Name: Cvas1-Cvas2-L2, Service Number: 1, KPI: \'one_way_dv_avg\' ',1441788257,'2015-09-09 13:14:17'),(210,3,755,3,'SLA Violation: Node: \'G132-2550\', PAA Name: Cvas1-Cvas2-L3, Service Number: 2, KPI: \'one_way_dv_avg\' ',1441788257,'2015-09-09 13:14:17'),(211,3,756,4,'SLA Violation: Node: \'G132-2550\', PAA Name: Cvas1-Cvas2-L3, Service Number: 2, KPI: \'two_way_delay_min\' ',1441788257,'2015-09-09 13:14:17'),(212,3,1337,3,'SLA Violation: Node: \'G132-2590\', PAA Name: Cvas1-Cvas2-L2, Service Number: 1, KPI: \'one_way_dv_avg\' ',1441788272,'2015-09-09 13:14:32'),(213,3,1351,3,'SLA Violation: Node: \'G132-2590\', PAA Name: Cvas1-Cvas2-L3, Service Number: 2, KPI: \'one_way_dv_avg\' ',1441788272,'2015-09-09 13:14:32'),(214,3,1338,4,'SLA Violation: Node: \'G132-2590\', PAA Name: Cvas1-Cvas2-L2, Service Number: 1, KPI: \'two_way_delay_min\' ',1441788272,'2015-09-09 13:14:32'),(215,3,1352,4,'SLA Violation: Node: \'G132-2590\', PAA Name: Cvas1-Cvas2-L3, Service Number: 2, KPI: \'two_way_delay_min\' ',1441788272,'2015-09-09 13:14:32'),(216,3,742,4,'SLA Violation: Node: \'G132-2550\', PAA Name: Cvas1-Cvas2-L2, Service Number: 1, KPI: \'two_way_delay_min\' ',1441788272,'2015-09-09 13:14:32'),(217,3,741,3,'SLA Violation: Node: \'G132-2550\', PAA Name: Cvas1-Cvas2-L2, Service Number: 1, KPI: \'one_way_dv_avg\' ',1441788272,'2015-09-09 13:14:32'),(218,3,755,3,'SLA Violation: Node: \'G132-2550\', PAA Name: Cvas1-Cvas2-L3, Service Number: 2, KPI: \'one_way_dv_avg\' ',1441788272,'2015-09-09 13:14:32'),(219,3,756,4,'SLA Violation: Node: \'G132-2550\', PAA Name: Cvas1-Cvas2-L3, Service Number: 2, KPI: \'two_way_delay_min\' ',1441788272,'2015-09-09 13:14:32'),(220,3,1337,3,'SLA Violation: Node: \'G132-2590\', PAA Name: Cvas1-Cvas2-L2, Service Number: 1, KPI: \'one_way_dv_avg\' ',1441788287,'2015-09-09 13:14:47'),(221,3,1338,4,'SLA Violation: Node: \'G132-2590\', PAA Name: Cvas1-Cvas2-L2, Service Number: 1, KPI: \'two_way_delay_min\' ',1441788287,'2015-09-09 13:14:47'),(222,3,1351,3,'SLA Violation: Node: \'G132-2590\', PAA Name: Cvas1-Cvas2-L3, Service Number: 2, KPI: \'one_way_dv_avg\' ',1441788287,'2015-09-09 13:14:47'),(223,3,1352,4,'SLA Violation: Node: \'G132-2590\', PAA Name: Cvas1-Cvas2-L3, Service Number: 2, KPI: \'two_way_delay_min\' ',1441788287,'2015-09-09 13:14:47'),(224,3,742,4,'SLA Violation: Node: \'G132-2550\', PAA Name: Cvas1-Cvas2-L2, Service Number: 1, KPI: \'two_way_delay_min\' ',1441788287,'2015-09-09 13:14:47'),(225,3,741,3,'SLA Violation: Node: \'G132-2550\', PAA Name: Cvas1-Cvas2-L2, Service Number: 1, KPI: \'one_way_dv_avg\' ',1441788287,'2015-09-09 13:14:47'),(226,3,756,4,'SLA Violation: Node: \'G132-2550\', PAA Name: Cvas1-Cvas2-L3, Service Number: 2, KPI: \'two_way_delay_min\' ',1441788287,'2015-09-09 13:14:47'),(227,3,755,3,'SLA Violation: Node: \'G132-2550\', PAA Name: Cvas1-Cvas2-L3, Service Number: 2, KPI: \'one_way_dv_avg\' ',1441788287,'2015-09-09 13:14:47'),(228,3,1337,3,'SLA Violation: Node: \'G132-2590\', PAA Name: Cvas1-Cvas2-L2, Service Number: 1, KPI: \'one_way_dv_avg\' ',1441788302,'2015-09-09 13:15:02'),(229,3,1338,4,'SLA Violation: Node: \'G132-2590\', PAA Name: Cvas1-Cvas2-L2, Service Number: 1, KPI: \'two_way_delay_min\' ',1441788302,'2015-09-09 13:15:02'),(230,3,1351,3,'SLA Violation: Node: \'G132-2590\', PAA Name: Cvas1-Cvas2-L3, Service Number: 2, KPI: \'one_way_dv_avg\' ',1441788302,'2015-09-09 13:15:02'),(231,3,1352,4,'SLA Violation: Node: \'G132-2590\', PAA Name: Cvas1-Cvas2-L3, Service Number: 2, KPI: \'two_way_delay_min\' ',1441788302,'2015-09-09 13:15:02'),(232,3,742,4,'SLA Violation: Node: \'G132-2550\', PAA Name: Cvas1-Cvas2-L2, Service Number: 1, KPI: \'two_way_delay_min\' ',1441788302,'2015-09-09 13:15:02'),(233,3,741,3,'SLA Violation: Node: \'G132-2550\', PAA Name: Cvas1-Cvas2-L2, Service Number: 1, KPI: \'one_way_dv_avg\' ',1441788302,'2015-09-09 13:15:02'),(234,3,755,3,'SLA Violation: Node: \'G132-2550\', PAA Name: Cvas1-Cvas2-L3, Service Number: 2, KPI: \'one_way_dv_avg\' ',1441788302,'2015-09-09 13:15:02'),(235,3,756,4,'SLA Violation: Node: \'G132-2550\', PAA Name: Cvas1-Cvas2-L3, Service Number: 2, KPI: \'two_way_delay_min\' ',1441788302,'2015-09-09 13:15:02'),(236,3,1337,3,'SLA Violation: Node: \'G132-2590\', PAA Name: Cvas1-Cvas2-L2, Service Number: 1, KPI: \'one_way_dv_avg\' ',1441788317,'2015-09-09 13:15:17'),(237,3,1351,3,'SLA Violation: Node: \'G132-2590\', PAA Name: Cvas1-Cvas2-L3, Service Number: 2, KPI: \'one_way_dv_avg\' ',1441788317,'2015-09-09 13:15:17'),(238,3,1338,4,'SLA Violation: Node: \'G132-2590\', PAA Name: Cvas1-Cvas2-L2, Service Number: 1, KPI: \'two_way_delay_min\' ',1441788317,'2015-09-09 13:15:17'),(239,3,1352,4,'SLA Violation: Node: \'G132-2590\', PAA Name: Cvas1-Cvas2-L3, Service Number: 2, KPI: \'two_way_delay_min\' ',1441788317,'2015-09-09 13:15:17'),(240,3,742,4,'SLA Violation: Node: \'G132-2550\', PAA Name: Cvas1-Cvas2-L2, Service Number: 1, KPI: \'two_way_delay_min\' ',1441788317,'2015-09-09 13:15:17'),(241,3,741,3,'SLA Violation: Node: \'G132-2550\', PAA Name: Cvas1-Cvas2-L2, Service Number: 1, KPI: \'one_way_dv_avg\' ',1441788317,'2015-09-09 13:15:17'),(242,3,755,3,'SLA Violation: Node: \'G132-2550\', PAA Name: Cvas1-Cvas2-L3, Service Number: 2, KPI: \'one_way_dv_avg\' ',1441788317,'2015-09-09 13:15:17'),(243,3,756,4,'SLA Violation: Node: \'G132-2550\', PAA Name: Cvas1-Cvas2-L3, Service Number: 2, KPI: \'two_way_delay_min\' ',1441788317,'2015-09-09 13:15:17'),(244,3,1337,3,'SLA Violation: Node: \'G132-2590\', PAA Name: Cvas1-Cvas2-L2, Service Number: 1, KPI: \'one_way_dv_avg\' ',1441788332,'2015-09-09 13:15:32'),(245,3,1338,4,'SLA Violation: Node: \'G132-2590\', PAA Name: Cvas1-Cvas2-L2, Service Number: 1, KPI: \'two_way_delay_min\' ',1441788332,'2015-09-09 13:15:32'),(246,3,1351,3,'SLA Violation: Node: \'G132-2590\', PAA Name: Cvas1-Cvas2-L3, Service Number: 2, KPI: \'one_way_dv_avg\' ',1441788332,'2015-09-09 13:15:32'),(247,3,1352,4,'SLA Violation: Node: \'G132-2590\', PAA Name: Cvas1-Cvas2-L3, Service Number: 2, KPI: \'two_way_delay_min\' ',1441788332,'2015-09-09 13:15:32'),(248,3,742,4,'SLA Violation: Node: \'G132-2550\', PAA Name: Cvas1-Cvas2-L2, Service Number: 1, KPI: \'two_way_delay_min\' ',1441788332,'2015-09-09 13:15:32'),(249,3,741,3,'SLA Violation: Node: \'G132-2550\', PAA Name: Cvas1-Cvas2-L2, Service Number: 1, KPI: \'one_way_dv_avg\' ',1441788332,'2015-09-09 13:15:32'),(250,3,755,3,'SLA Violation: Node: \'G132-2550\', PAA Name: Cvas1-Cvas2-L3, Service Number: 2, KPI: \'one_way_dv_avg\' ',1441788332,'2015-09-09 13:15:32'),(251,3,756,4,'SLA Violation: Node: \'G132-2550\', PAA Name: Cvas1-Cvas2-L3, Service Number: 2, KPI: \'two_way_delay_min\' ',1441788332,'2015-09-09 13:15:32'),(252,3,1337,3,'SLA Violation: Node: \'G132-2590\', PAA Name: Cvas1-Cvas2-L2, Service Number: 1, KPI: \'one_way_dv_avg\' ',1441788347,'2015-09-09 13:15:47'),(253,3,1338,4,'SLA Violation: Node: \'G132-2590\', PAA Name: Cvas1-Cvas2-L2, Service Number: 1, KPI: \'two_way_delay_min\' ',1441788347,'2015-09-09 13:15:47'),(254,3,1351,3,'SLA Violation: Node: \'G132-2590\', PAA Name: Cvas1-Cvas2-L3, Service Number: 2, KPI: \'one_way_dv_avg\' ',1441788347,'2015-09-09 13:15:47'),(255,3,1352,4,'SLA Violation: Node: \'G132-2590\', PAA Name: Cvas1-Cvas2-L3, Service Number: 2, KPI: \'two_way_delay_min\' ',1441788347,'2015-09-09 13:15:47'),(256,3,742,4,'SLA Violation: Node: \'G132-2550\', PAA Name: Cvas1-Cvas2-L2, Service Number: 1, KPI: \'two_way_delay_min\' ',1441788347,'2015-09-09 13:15:47'),(257,3,741,3,'SLA Violation: Node: \'G132-2550\', PAA Name: Cvas1-Cvas2-L2, Service Number: 1, KPI: \'one_way_dv_avg\' ',1441788347,'2015-09-09 13:15:47'),(258,3,755,3,'SLA Violation: Node: \'G132-2550\', PAA Name: Cvas1-Cvas2-L3, Service Number: 2, KPI: \'one_way_dv_avg\' ',1441788347,'2015-09-09 13:15:47'),(259,3,756,4,'SLA Violation: Node: \'G132-2550\', PAA Name: Cvas1-Cvas2-L3, Service Number: 2, KPI: \'two_way_delay_min\' ',1441788347,'2015-09-09 13:15:47'),(260,3,741,3,'SLA Violation: Node: \'G132-2550\', PAA Name: Cvas1-Cvas2-L2, Service Number: 1, KPI: \'one_way_dv_avg\' ',1441788362,'2015-09-09 13:16:02'),(261,3,742,4,'SLA Violation: Node: \'G132-2550\', PAA Name: Cvas1-Cvas2-L2, Service Number: 1, KPI: \'two_way_delay_min\' ',1441788362,'2015-09-09 13:16:02'),(262,3,755,3,'SLA Violation: Node: \'G132-2550\', PAA Name: Cvas1-Cvas2-L3, Service Number: 2, KPI: \'one_way_dv_avg\' ',1441788362,'2015-09-09 13:16:02'),(263,3,756,4,'SLA Violation: Node: \'G132-2550\', PAA Name: Cvas1-Cvas2-L3, Service Number: 2, KPI: \'two_way_delay_min\' ',1441788362,'2015-09-09 13:16:02'),(264,3,1337,3,'SLA Violation: Node: \'G132-2590\', PAA Name: Cvas1-Cvas2-L2, Service Number: 1, KPI: \'one_way_dv_avg\' ',1441788377,'2015-09-09 13:16:17'),(265,3,1338,4,'SLA Violation: Node: \'G132-2590\', PAA Name: Cvas1-Cvas2-L2, Service Number: 1, KPI: \'two_way_delay_min\' ',1441788377,'2015-09-09 13:16:17'),(266,3,1351,3,'SLA Violation: Node: \'G132-2590\', PAA Name: Cvas1-Cvas2-L3, Service Number: 2, KPI: \'one_way_dv_avg\' ',1441788377,'2015-09-09 13:16:17'),(267,3,1352,4,'SLA Violation: Node: \'G132-2590\', PAA Name: Cvas1-Cvas2-L3, Service Number: 2, KPI: \'two_way_delay_min\' ',1441788377,'2015-09-09 13:16:17'),(268,3,741,3,'SLA Violation: Node: \'G132-2550\', PAA Name: Cvas1-Cvas2-L2, Service Number: 1, KPI: \'one_way_dv_avg\' ',1441788377,'2015-09-09 13:16:17'),(269,3,742,4,'SLA Violation: Node: \'G132-2550\', PAA Name: Cvas1-Cvas2-L2, Service Number: 1, KPI: \'two_way_delay_min\' ',1441788377,'2015-09-09 13:16:17'),(270,3,755,3,'SLA Violation: Node: \'G132-2550\', PAA Name: Cvas1-Cvas2-L3, Service Number: 2, KPI: \'one_way_dv_avg\' ',1441788377,'2015-09-09 13:16:17'),(271,3,756,4,'SLA Violation: Node: \'G132-2550\', PAA Name: Cvas1-Cvas2-L3, Service Number: 2, KPI: \'two_way_delay_min\' ',1441788377,'2015-09-09 13:16:17'),(272,3,1337,3,'SLA Violation: Node: \'G132-2590\', PAA Name: Cvas1-Cvas2-L2, Service Number: 1, KPI: \'one_way_dv_avg\' ',1441788362,'2015-09-09 13:16:17'),(273,3,1352,4,'SLA Violation: Node: \'G132-2590\', PAA Name: Cvas1-Cvas2-L3, Service Number: 2, KPI: \'two_way_delay_min\' ',1441788362,'2015-09-09 13:16:17'),(274,3,1351,3,'SLA Violation: Node: \'G132-2590\', PAA Name: Cvas1-Cvas2-L3, Service Number: 2, KPI: \'one_way_dv_avg\' ',1441788362,'2015-09-09 13:16:17'),(275,3,1338,4,'SLA Violation: Node: \'G132-2590\', PAA Name: Cvas1-Cvas2-L2, Service Number: 1, KPI: \'two_way_delay_min\' ',1441788362,'2015-09-09 13:16:17'),(276,3,1337,3,'SLA Violation: Node: \'G132-2590\', PAA Name: Cvas1-Cvas2-L2, Service Number: 1, KPI: \'one_way_dv_avg\' ',1441788392,'2015-09-09 13:16:32'),(277,3,1338,4,'SLA Violation: Node: \'G132-2590\', PAA Name: Cvas1-Cvas2-L2, Service Number: 1, KPI: \'two_way_delay_min\' ',1441788392,'2015-09-09 13:16:32'),(278,3,1351,3,'SLA Violation: Node: \'G132-2590\', PAA Name: Cvas1-Cvas2-L3, Service Number: 2, KPI: \'one_way_dv_avg\' ',1441788392,'2015-09-09 13:16:32'),(279,3,1352,4,'SLA Violation: Node: \'G132-2590\', PAA Name: Cvas1-Cvas2-L3, Service Number: 2, KPI: \'two_way_delay_min\' ',1441788392,'2015-09-09 13:16:32'),(280,3,741,3,'SLA Violation: Node: \'G132-2550\', PAA Name: Cvas1-Cvas2-L2, Service Number: 1, KPI: \'one_way_dv_avg\' ',1441788392,'2015-09-09 13:16:32'),(281,3,742,4,'SLA Violation: Node: \'G132-2550\', PAA Name: Cvas1-Cvas2-L2, Service Number: 1, KPI: \'two_way_delay_min\' ',1441788392,'2015-09-09 13:16:32'),(282,3,755,3,'SLA Violation: Node: \'G132-2550\', PAA Name: Cvas1-Cvas2-L3, Service Number: 2, KPI: \'one_way_dv_avg\' ',1441788392,'2015-09-09 13:16:32'),(283,3,756,4,'SLA Violation: Node: \'G132-2550\', PAA Name: Cvas1-Cvas2-L3, Service Number: 2, KPI: \'two_way_delay_min\' ',1441788392,'2015-09-09 13:16:32'),(284,3,1337,3,'SLA Violation: Node: \'G132-2590\', PAA Name: Cvas1-Cvas2-L2, Service Number: 1, KPI: \'one_way_dv_avg\' ',1441788407,'2015-09-09 13:16:47'),(285,3,1338,4,'SLA Violation: Node: \'G132-2590\', PAA Name: Cvas1-Cvas2-L2, Service Number: 1, KPI: \'two_way_delay_min\' ',1441788407,'2015-09-09 13:16:47'),(286,3,1351,3,'SLA Violation: Node: \'G132-2590\', PAA Name: Cvas1-Cvas2-L3, Service Number: 2, KPI: \'one_way_dv_avg\' ',1441788407,'2015-09-09 13:16:47'),(287,3,1352,4,'SLA Violation: Node: \'G132-2590\', PAA Name: Cvas1-Cvas2-L3, Service Number: 2, KPI: \'two_way_delay_min\' ',1441788407,'2015-09-09 13:16:47'),(288,3,741,3,'SLA Violation: Node: \'G132-2550\', PAA Name: Cvas1-Cvas2-L2, Service Number: 1, KPI: \'one_way_dv_avg\' ',1441788407,'2015-09-09 13:16:47'),(289,3,742,4,'SLA Violation: Node: \'G132-2550\', PAA Name: Cvas1-Cvas2-L2, Service Number: 1, KPI: \'two_way_delay_min\' ',1441788407,'2015-09-09 13:16:47'),(290,3,756,4,'SLA Violation: Node: \'G132-2550\', PAA Name: Cvas1-Cvas2-L3, Service Number: 2, KPI: \'two_way_delay_min\' ',1441788407,'2015-09-09 13:16:47'),(291,3,755,3,'SLA Violation: Node: \'G132-2550\', PAA Name: Cvas1-Cvas2-L3, Service Number: 2, KPI: \'one_way_dv_avg\' ',1441788407,'2015-09-09 13:16:47'),(292,3,1337,3,'SLA Violation: Node: \'G132-2590\', PAA Name: Cvas1-Cvas2-L2, Service Number: 1, KPI: \'one_way_dv_avg\' ',1441788422,'2015-09-09 13:17:02'),(293,3,1351,3,'SLA Violation: Node: \'G132-2590\', PAA Name: Cvas1-Cvas2-L3, Service Number: 2, KPI: \'one_way_dv_avg\' ',1441788422,'2015-09-09 13:17:02'),(294,3,1338,4,'SLA Violation: Node: \'G132-2590\', PAA Name: Cvas1-Cvas2-L2, Service Number: 1, KPI: \'two_way_delay_min\' ',1441788422,'2015-09-09 13:17:02'),(295,3,1352,4,'SLA Violation: Node: \'G132-2590\', PAA Name: Cvas1-Cvas2-L3, Service Number: 2, KPI: \'two_way_delay_min\' ',1441788422,'2015-09-09 13:17:02'),(296,3,741,3,'SLA Violation: Node: \'G132-2550\', PAA Name: Cvas1-Cvas2-L2, Service Number: 1, KPI: \'one_way_dv_avg\' ',1441788422,'2015-09-09 13:17:02'),(297,3,742,4,'SLA Violation: Node: \'G132-2550\', PAA Name: Cvas1-Cvas2-L2, Service Number: 1, KPI: \'two_way_delay_min\' ',1441788422,'2015-09-09 13:17:02'),(298,3,755,3,'SLA Violation: Node: \'G132-2550\', PAA Name: Cvas1-Cvas2-L3, Service Number: 2, KPI: \'one_way_dv_avg\' ',1441788422,'2015-09-09 13:17:02'),(299,3,756,4,'SLA Violation: Node: \'G132-2550\', PAA Name: Cvas1-Cvas2-L3, Service Number: 2, KPI: \'two_way_delay_min\' ',1441788422,'2015-09-09 13:17:02'),(300,3,1337,3,'SLA Violation: Node: \'G132-2590\', PAA Name: Cvas1-Cvas2-L2, Service Number: 1, KPI: \'one_way_dv_avg\' ',1441788437,'2015-09-09 13:17:17'),(301,3,1338,4,'SLA Violation: Node: \'G132-2590\', PAA Name: Cvas1-Cvas2-L2, Service Number: 1, KPI: \'two_way_delay_min\' ',1441788437,'2015-09-09 13:17:17'),(302,3,1351,3,'SLA Violation: Node: \'G132-2590\', PAA Name: Cvas1-Cvas2-L3, Service Number: 2, KPI: \'one_way_dv_avg\' ',1441788437,'2015-09-09 13:17:17'),(303,3,1352,4,'SLA Violation: Node: \'G132-2590\', PAA Name: Cvas1-Cvas2-L3, Service Number: 2, KPI: \'two_way_delay_min\' ',1441788437,'2015-09-09 13:17:17'),(304,3,741,3,'SLA Violation: Node: \'G132-2550\', PAA Name: Cvas1-Cvas2-L2, Service Number: 1, KPI: \'one_way_dv_avg\' ',1441788437,'2015-09-09 13:17:17'),(305,3,742,4,'SLA Violation: Node: \'G132-2550\', PAA Name: Cvas1-Cvas2-L2, Service Number: 1, KPI: \'two_way_delay_min\' ',1441788437,'2015-09-09 13:17:17'),(306,3,756,4,'SLA Violation: Node: \'G132-2550\', PAA Name: Cvas1-Cvas2-L3, Service Number: 2, KPI: \'two_way_delay_min\' ',1441788437,'2015-09-09 13:17:17'),(307,3,755,3,'SLA Violation: Node: \'G132-2550\', PAA Name: Cvas1-Cvas2-L3, Service Number: 2, KPI: \'one_way_dv_avg\' ',1441788437,'2015-09-09 13:17:17'),(308,3,1337,3,'SLA Violation: Node: \'G132-2590\', PAA Name: Cvas1-Cvas2-L2, Service Number: 1, KPI: \'one_way_dv_avg\' ',1441788452,'2015-09-09 13:17:32'),(309,3,1338,4,'SLA Violation: Node: \'G132-2590\', PAA Name: Cvas1-Cvas2-L2, Service Number: 1, KPI: \'two_way_delay_min\' ',1441788452,'2015-09-09 13:17:32'),(310,3,1351,3,'SLA Violation: Node: \'G132-2590\', PAA Name: Cvas1-Cvas2-L3, Service Number: 2, KPI: \'one_way_dv_avg\' ',1441788452,'2015-09-09 13:17:32'),(311,3,1352,4,'SLA Violation: Node: \'G132-2590\', PAA Name: Cvas1-Cvas2-L3, Service Number: 2, KPI: \'two_way_delay_min\' ',1441788452,'2015-09-09 13:17:32'),(312,3,741,3,'SLA Violation: Node: \'G132-2550\', PAA Name: Cvas1-Cvas2-L2, Service Number: 1, KPI: \'one_way_dv_avg\' ',1441788452,'2015-09-09 13:17:32'),(313,3,742,4,'SLA Violation: Node: \'G132-2550\', PAA Name: Cvas1-Cvas2-L2, Service Number: 1, KPI: \'two_way_delay_min\' ',1441788452,'2015-09-09 13:17:32'),(314,3,755,3,'SLA Violation: Node: \'G132-2550\', PAA Name: Cvas1-Cvas2-L3, Service Number: 2, KPI: \'one_way_dv_avg\' ',1441788452,'2015-09-09 13:17:32'),(315,3,756,4,'SLA Violation: Node: \'G132-2550\', PAA Name: Cvas1-Cvas2-L3, Service Number: 2, KPI: \'two_way_delay_min\' ',1441788452,'2015-09-09 13:17:32'),(316,3,1337,3,'SLA Violation: Node: \'G132-2590\', PAA Name: Cvas1-Cvas2-L2, Service Number: 1, KPI: \'one_way_dv_avg\' ',1441788467,'2015-09-09 13:17:47'),(317,3,1338,4,'SLA Violation: Node: \'G132-2590\', PAA Name: Cvas1-Cvas2-L2, Service Number: 1, KPI: \'two_way_delay_min\' ',1441788467,'2015-09-09 13:17:47'),(318,3,1351,3,'SLA Violation: Node: \'G132-2590\', PAA Name: Cvas1-Cvas2-L3, Service Number: 2, KPI: \'one_way_dv_avg\' ',1441788467,'2015-09-09 13:17:47'),(319,3,1352,4,'SLA Violation: Node: \'G132-2590\', PAA Name: Cvas1-Cvas2-L3, Service Number: 2, KPI: \'two_way_delay_min\' ',1441788467,'2015-09-09 13:17:47'),(320,3,741,3,'SLA Violation: Node: \'G132-2550\', PAA Name: Cvas1-Cvas2-L2, Service Number: 1, KPI: \'one_way_dv_avg\' ',1441788467,'2015-09-09 13:17:47'),(321,3,742,4,'SLA Violation: Node: \'G132-2550\', PAA Name: Cvas1-Cvas2-L2, Service Number: 1, KPI: \'two_way_delay_min\' ',1441788467,'2015-09-09 13:17:47'),(322,3,756,4,'SLA Violation: Node: \'G132-2550\', PAA Name: Cvas1-Cvas2-L3, Service Number: 2, KPI: \'two_way_delay_min\' ',1441788467,'2015-09-09 13:17:47'),(323,3,755,3,'SLA Violation: Node: \'G132-2550\', PAA Name: Cvas1-Cvas2-L3, Service Number: 2, KPI: \'one_way_dv_avg\' ',1441788467,'2015-09-09 13:17:47'),(324,3,1337,3,'SLA Violation: Node: \'G132-2590\', PAA Name: Cvas1-Cvas2-L2, Service Number: 1, KPI: \'one_way_dv_avg\' ',1441788482,'2015-09-09 13:18:02'),(325,3,1338,4,'SLA Violation: Node: \'G132-2590\', PAA Name: Cvas1-Cvas2-L2, Service Number: 1, KPI: \'two_way_delay_min\' ',1441788482,'2015-09-09 13:18:02'),(326,3,1351,3,'SLA Violation: Node: \'G132-2590\', PAA Name: Cvas1-Cvas2-L3, Service Number: 2, KPI: \'one_way_dv_avg\' ',1441788482,'2015-09-09 13:18:02'),(327,3,1352,4,'SLA Violation: Node: \'G132-2590\', PAA Name: Cvas1-Cvas2-L3, Service Number: 2, KPI: \'two_way_delay_min\' ',1441788482,'2015-09-09 13:18:02'),(328,3,741,3,'SLA Violation: Node: \'G132-2550\', PAA Name: Cvas1-Cvas2-L2, Service Number: 1, KPI: \'one_way_dv_avg\' ',1441788482,'2015-09-09 13:18:02'),(329,3,742,4,'SLA Violation: Node: \'G132-2550\', PAA Name: Cvas1-Cvas2-L2, Service Number: 1, KPI: \'two_way_delay_min\' ',1441788482,'2015-09-09 13:18:02'),(330,3,755,3,'SLA Violation: Node: \'G132-2550\', PAA Name: Cvas1-Cvas2-L3, Service Number: 2, KPI: \'one_way_dv_avg\' ',1441788482,'2015-09-09 13:18:02'),(331,3,756,4,'SLA Violation: Node: \'G132-2550\', PAA Name: Cvas1-Cvas2-L3, Service Number: 2, KPI: \'two_way_delay_min\' ',1441788482,'2015-09-09 13:18:02'),(332,3,1337,3,'SLA Violation: Node: \'G132-2590\', PAA Name: Cvas1-Cvas2-L2, Service Number: 1, KPI: \'one_way_dv_avg\' ',1441788497,'2015-09-09 13:18:17'),(333,3,1338,4,'SLA Violation: Node: \'G132-2590\', PAA Name: Cvas1-Cvas2-L2, Service Number: 1, KPI: \'two_way_delay_min\' ',1441788497,'2015-09-09 13:18:17'),(334,3,1351,3,'SLA Violation: Node: \'G132-2590\', PAA Name: Cvas1-Cvas2-L3, Service Number: 2, KPI: \'one_way_dv_avg\' ',1441788497,'2015-09-09 13:18:17'),(335,3,1352,4,'SLA Violation: Node: \'G132-2590\', PAA Name: Cvas1-Cvas2-L3, Service Number: 2, KPI: \'two_way_delay_min\' ',1441788497,'2015-09-09 13:18:17'),(336,3,741,3,'SLA Violation: Node: \'G132-2550\', PAA Name: Cvas1-Cvas2-L2, Service Number: 1, KPI: \'one_way_dv_avg\' ',1441788497,'2015-09-09 13:18:17'),(337,3,742,4,'SLA Violation: Node: \'G132-2550\', PAA Name: Cvas1-Cvas2-L2, Service Number: 1, KPI: \'two_way_delay_min\' ',1441788497,'2015-09-09 13:18:17'),(338,3,756,4,'SLA Violation: Node: \'G132-2550\', PAA Name: Cvas1-Cvas2-L3, Service Number: 2, KPI: \'two_way_delay_min\' ',1441788497,'2015-09-09 13:18:17'),(339,3,755,3,'SLA Violation: Node: \'G132-2550\', PAA Name: Cvas1-Cvas2-L3, Service Number: 2, KPI: \'one_way_dv_avg\' ',1441788497,'2015-09-09 13:18:17'),(340,3,1337,3,'SLA Violation: Node: \'G132-2590\', PAA Name: Cvas1-Cvas2-L2, Service Number: 1, KPI: \'one_way_dv_avg\' ',1441788512,'2015-09-09 13:18:32'),(341,3,1338,4,'SLA Violation: Node: \'G132-2590\', PAA Name: Cvas1-Cvas2-L2, Service Number: 1, KPI: \'two_way_delay_min\' ',1441788512,'2015-09-09 13:18:32'),(342,3,1351,3,'SLA Violation: Node: \'G132-2590\', PAA Name: Cvas1-Cvas2-L3, Service Number: 2, KPI: \'one_way_dv_avg\' ',1441788512,'2015-09-09 13:18:32'),(343,3,1352,4,'SLA Violation: Node: \'G132-2590\', PAA Name: Cvas1-Cvas2-L3, Service Number: 2, KPI: \'two_way_delay_min\' ',1441788512,'2015-09-09 13:18:32'),(344,3,741,3,'SLA Violation: Node: \'G132-2550\', PAA Name: Cvas1-Cvas2-L2, Service Number: 1, KPI: \'one_way_dv_avg\' ',1441788512,'2015-09-09 13:18:32'),(345,3,742,4,'SLA Violation: Node: \'G132-2550\', PAA Name: Cvas1-Cvas2-L2, Service Number: 1, KPI: \'two_way_delay_min\' ',1441788512,'2015-09-09 13:18:32'),(346,3,755,3,'SLA Violation: Node: \'G132-2550\', PAA Name: Cvas1-Cvas2-L3, Service Number: 2, KPI: \'one_way_dv_avg\' ',1441788512,'2015-09-09 13:18:32'),(347,3,756,4,'SLA Violation: Node: \'G132-2550\', PAA Name: Cvas1-Cvas2-L3, Service Number: 2, KPI: \'two_way_delay_min\' ',1441788512,'2015-09-09 13:18:32'),(348,3,1337,3,'SLA Violation: Node: \'G132-2590\', PAA Name: Cvas1-Cvas2-L2, Service Number: 1, KPI: \'one_way_dv_avg\' ',1441788527,'2015-09-09 13:18:47'),(349,3,1338,4,'SLA Violation: Node: \'G132-2590\', PAA Name: Cvas1-Cvas2-L2, Service Number: 1, KPI: \'two_way_delay_min\' ',1441788527,'2015-09-09 13:18:47'),(350,3,1351,3,'SLA Violation: Node: \'G132-2590\', PAA Name: Cvas1-Cvas2-L3, Service Number: 2, KPI: \'one_way_dv_avg\' ',1441788527,'2015-09-09 13:18:47'),(351,3,1352,4,'SLA Violation: Node: \'G132-2590\', PAA Name: Cvas1-Cvas2-L3, Service Number: 2, KPI: \'two_way_delay_min\' ',1441788527,'2015-09-09 13:18:47'),(352,3,741,3,'SLA Violation: Node: \'G132-2550\', PAA Name: Cvas1-Cvas2-L2, Service Number: 1, KPI: \'one_way_dv_avg\' ',1441788527,'2015-09-09 13:18:47'),(353,3,742,4,'SLA Violation: Node: \'G132-2550\', PAA Name: Cvas1-Cvas2-L2, Service Number: 1, KPI: \'two_way_delay_min\' ',1441788527,'2015-09-09 13:18:47'),(354,3,755,3,'SLA Violation: Node: \'G132-2550\', PAA Name: Cvas1-Cvas2-L3, Service Number: 2, KPI: \'one_way_dv_avg\' ',1441788527,'2015-09-09 13:18:47'),(355,3,756,4,'SLA Violation: Node: \'G132-2550\', PAA Name: Cvas1-Cvas2-L3, Service Number: 2, KPI: \'two_way_delay_min\' ',1441788527,'2015-09-09 13:18:47'),(356,3,1337,3,'SLA Violation: Node: \'G132-2590\', PAA Name: Cvas1-Cvas2-L2, Service Number: 1, KPI: \'one_way_dv_avg\' ',1441788542,'2015-09-09 13:19:02'),(357,3,1351,3,'SLA Violation: Node: \'G132-2590\', PAA Name: Cvas1-Cvas2-L3, Service Number: 2, KPI: \'one_way_dv_avg\' ',1441788542,'2015-09-09 13:19:02'),(358,3,1338,4,'SLA Violation: Node: \'G132-2590\', PAA Name: Cvas1-Cvas2-L2, Service Number: 1, KPI: \'two_way_delay_min\' ',1441788542,'2015-09-09 13:19:02'),(359,3,1352,4,'SLA Violation: Node: \'G132-2590\', PAA Name: Cvas1-Cvas2-L3, Service Number: 2, KPI: \'two_way_delay_min\' ',1441788542,'2015-09-09 13:19:02'),(360,3,741,3,'SLA Violation: Node: \'G132-2550\', PAA Name: Cvas1-Cvas2-L2, Service Number: 1, KPI: \'one_way_dv_avg\' ',1441788542,'2015-09-09 13:19:02'),(361,3,742,4,'SLA Violation: Node: \'G132-2550\', PAA Name: Cvas1-Cvas2-L2, Service Number: 1, KPI: \'two_way_delay_min\' ',1441788542,'2015-09-09 13:19:02'),(362,3,755,3,'SLA Violation: Node: \'G132-2550\', PAA Name: Cvas1-Cvas2-L3, Service Number: 2, KPI: \'one_way_dv_avg\' ',1441788542,'2015-09-09 13:19:02'),(363,3,756,4,'SLA Violation: Node: \'G132-2550\', PAA Name: Cvas1-Cvas2-L3, Service Number: 2, KPI: \'two_way_delay_min\' ',1441788542,'2015-09-09 13:19:02'),(364,3,741,3,'SLA Violation: Node: \'G132-2550\', PAA Name: Cvas1-Cvas2-L2, Service Number: 1, KPI: \'one_way_dv_avg\' ',1441788557,'2015-09-09 13:19:17'),(365,3,742,4,'SLA Violation: Node: \'G132-2550\', PAA Name: Cvas1-Cvas2-L2, Service Number: 1, KPI: \'two_way_delay_min\' ',1441788557,'2015-09-09 13:19:17'),(366,3,755,3,'SLA Violation: Node: \'G132-2550\', PAA Name: Cvas1-Cvas2-L3, Service Number: 2, KPI: \'one_way_dv_avg\' ',1441788557,'2015-09-09 13:19:17'),(367,3,756,4,'SLA Violation: Node: \'G132-2550\', PAA Name: Cvas1-Cvas2-L3, Service Number: 2, KPI: \'two_way_delay_min\' ',1441788557,'2015-09-09 13:19:17'),(368,3,1337,3,'SLA Violation: Node: \'G132-2590\', PAA Name: Cvas1-Cvas2-L2, Service Number: 1, KPI: \'one_way_dv_avg\' ',1441788557,'2015-09-09 13:19:17'),(369,3,1338,4,'SLA Violation: Node: \'G132-2590\', PAA Name: Cvas1-Cvas2-L2, Service Number: 1, KPI: \'two_way_delay_min\' ',1441788557,'2015-09-09 13:19:17'),(370,3,1351,3,'SLA Violation: Node: \'G132-2590\', PAA Name: Cvas1-Cvas2-L3, Service Number: 2, KPI: \'one_way_dv_avg\' ',1441788557,'2015-09-09 13:19:17'),(371,3,1352,4,'SLA Violation: Node: \'G132-2590\', PAA Name: Cvas1-Cvas2-L3, Service Number: 2, KPI: \'two_way_delay_min\' ',1441788557,'2015-09-09 13:19:17'),(372,3,741,3,'SLA Violation: Node: \'G132-2550\', PAA Name: Cvas1-Cvas2-L2, Service Number: 1, KPI: \'one_way_dv_avg\' ',1441788572,'2015-09-09 13:19:32'),(373,3,742,4,'SLA Violation: Node: \'G132-2550\', PAA Name: Cvas1-Cvas2-L2, Service Number: 1, KPI: \'two_way_delay_min\' ',1441788572,'2015-09-09 13:19:32'),(374,3,755,3,'SLA Violation: Node: \'G132-2550\', PAA Name: Cvas1-Cvas2-L3, Service Number: 2, KPI: \'one_way_dv_avg\' ',1441788572,'2015-09-09 13:19:32'),(375,3,756,4,'SLA Violation: Node: \'G132-2550\', PAA Name: Cvas1-Cvas2-L3, Service Number: 2, KPI: \'two_way_delay_min\' ',1441788572,'2015-09-09 13:19:32'),(376,3,1338,4,'SLA Violation: Node: \'G132-2590\', PAA Name: Cvas1-Cvas2-L2, Service Number: 1, KPI: \'two_way_delay_min\' ',1441788572,'2015-09-09 13:19:32'),(377,3,1337,3,'SLA Violation: Node: \'G132-2590\', PAA Name: Cvas1-Cvas2-L2, Service Number: 1, KPI: \'one_way_dv_avg\' ',1441788572,'2015-09-09 13:19:32'),(378,3,1351,3,'SLA Violation: Node: \'G132-2590\', PAA Name: Cvas1-Cvas2-L3, Service Number: 2, KPI: \'one_way_dv_avg\' ',1441788572,'2015-09-09 13:19:32'),(379,3,1352,4,'SLA Violation: Node: \'G132-2590\', PAA Name: Cvas1-Cvas2-L3, Service Number: 2, KPI: \'two_way_delay_min\' ',1441788572,'2015-09-09 13:19:32'),(380,3,741,3,'SLA Violation: Node: \'G132-2550\', PAA Name: Cvas1-Cvas2-L2, Service Number: 1, KPI: \'one_way_dv_avg\' ',1441788587,'2015-09-09 13:19:47'),(381,3,742,4,'SLA Violation: Node: \'G132-2550\', PAA Name: Cvas1-Cvas2-L2, Service Number: 1, KPI: \'two_way_delay_min\' ',1441788587,'2015-09-09 13:19:47'),(382,3,755,3,'SLA Violation: Node: \'G132-2550\', PAA Name: Cvas1-Cvas2-L3, Service Number: 2, KPI: \'one_way_dv_avg\' ',1441788587,'2015-09-09 13:19:47'),(383,3,756,4,'SLA Violation: Node: \'G132-2550\', PAA Name: Cvas1-Cvas2-L3, Service Number: 2, KPI: \'two_way_delay_min\' ',1441788587,'2015-09-09 13:19:47'),(384,3,1337,3,'SLA Violation: Node: \'G132-2590\', PAA Name: Cvas1-Cvas2-L2, Service Number: 1, KPI: \'one_way_dv_avg\' ',1441788587,'2015-09-09 13:19:47'),(385,3,1338,4,'SLA Violation: Node: \'G132-2590\', PAA Name: Cvas1-Cvas2-L2, Service Number: 1, KPI: \'two_way_delay_min\' ',1441788587,'2015-09-09 13:19:47'),(386,3,1352,4,'SLA Violation: Node: \'G132-2590\', PAA Name: Cvas1-Cvas2-L3, Service Number: 2, KPI: \'two_way_delay_min\' ',1441788587,'2015-09-09 13:19:47'),(387,3,1351,3,'SLA Violation: Node: \'G132-2590\', PAA Name: Cvas1-Cvas2-L3, Service Number: 2, KPI: \'one_way_dv_avg\' ',1441788587,'2015-09-09 13:19:47'),(388,3,741,3,'SLA Violation: Node: \'G132-2550\', PAA Name: Cvas1-Cvas2-L2, Service Number: 1, KPI: \'one_way_dv_avg\' ',1441788602,'2015-09-09 13:20:02'),(389,3,755,3,'SLA Violation: Node: \'G132-2550\', PAA Name: Cvas1-Cvas2-L3, Service Number: 2, KPI: \'one_way_dv_avg\' ',1441788602,'2015-09-09 13:20:02'),(390,3,742,4,'SLA Violation: Node: \'G132-2550\', PAA Name: Cvas1-Cvas2-L2, Service Number: 1, KPI: \'two_way_delay_min\' ',1441788602,'2015-09-09 13:20:02'),(391,3,756,4,'SLA Violation: Node: \'G132-2550\', PAA Name: Cvas1-Cvas2-L3, Service Number: 2, KPI: \'two_way_delay_min\' ',1441788602,'2015-09-09 13:20:02'),(392,3,1338,4,'SLA Violation: Node: \'G132-2590\', PAA Name: Cvas1-Cvas2-L2, Service Number: 1, KPI: \'two_way_delay_min\' ',1441788602,'2015-09-09 13:20:02'),(393,3,1337,3,'SLA Violation: Node: \'G132-2590\', PAA Name: Cvas1-Cvas2-L2, Service Number: 1, KPI: \'one_way_dv_avg\' ',1441788602,'2015-09-09 13:20:02'),(394,3,1351,3,'SLA Violation: Node: \'G132-2590\', PAA Name: Cvas1-Cvas2-L3, Service Number: 2, KPI: \'one_way_dv_avg\' ',1441788602,'2015-09-09 13:20:02'),(395,3,1352,4,'SLA Violation: Node: \'G132-2590\', PAA Name: Cvas1-Cvas2-L3, Service Number: 2, KPI: \'two_way_delay_min\' ',1441788602,'2015-09-09 13:20:02'),(396,3,741,3,'SLA Violation: Node: \'G132-2550\', PAA Name: Cvas1-Cvas2-L2, Service Number: 1, KPI: \'one_way_dv_avg\' ',1441788617,'2015-09-09 13:20:17'),(397,3,742,4,'SLA Violation: Node: \'G132-2550\', PAA Name: Cvas1-Cvas2-L2, Service Number: 1, KPI: \'two_way_delay_min\' ',1441788617,'2015-09-09 13:20:17'),(398,3,755,3,'SLA Violation: Node: \'G132-2550\', PAA Name: Cvas1-Cvas2-L3, Service Number: 2, KPI: \'one_way_dv_avg\' ',1441788617,'2015-09-09 13:20:17'),(399,3,756,4,'SLA Violation: Node: \'G132-2550\', PAA Name: Cvas1-Cvas2-L3, Service Number: 2, KPI: \'two_way_delay_min\' ',1441788617,'2015-09-09 13:20:17'),(400,3,1338,4,'SLA Violation: Node: \'G132-2590\', PAA Name: Cvas1-Cvas2-L2, Service Number: 1, KPI: \'two_way_delay_min\' ',1441788617,'2015-09-09 13:20:17'),(401,3,1337,3,'SLA Violation: Node: \'G132-2590\', PAA Name: Cvas1-Cvas2-L2, Service Number: 1, KPI: \'one_way_dv_avg\' ',1441788617,'2015-09-09 13:20:17'),(402,3,1351,3,'SLA Violation: Node: \'G132-2590\', PAA Name: Cvas1-Cvas2-L3, Service Number: 2, KPI: \'one_way_dv_avg\' ',1441788617,'2015-09-09 13:20:17'),(403,3,1352,4,'SLA Violation: Node: \'G132-2590\', PAA Name: Cvas1-Cvas2-L3, Service Number: 2, KPI: \'two_way_delay_min\' ',1441788617,'2015-09-09 13:20:17'),(404,3,741,3,'SLA Violation: Node: \'G132-2550\', PAA Name: Cvas1-Cvas2-L2, Service Number: 1, KPI: \'one_way_dv_avg\' ',1441788632,'2015-09-09 13:20:32'),(405,3,742,4,'SLA Violation: Node: \'G132-2550\', PAA Name: Cvas1-Cvas2-L2, Service Number: 1, KPI: \'two_way_delay_min\' ',1441788632,'2015-09-09 13:20:32'),(406,3,755,3,'SLA Violation: Node: \'G132-2550\', PAA Name: Cvas1-Cvas2-L3, Service Number: 2, KPI: \'one_way_dv_avg\' ',1441788632,'2015-09-09 13:20:32'),(407,3,756,4,'SLA Violation: Node: \'G132-2550\', PAA Name: Cvas1-Cvas2-L3, Service Number: 2, KPI: \'two_way_delay_min\' ',1441788632,'2015-09-09 13:20:32'),(408,3,1338,4,'SLA Violation: Node: \'G132-2590\', PAA Name: Cvas1-Cvas2-L2, Service Number: 1, KPI: \'two_way_delay_min\' ',1441788632,'2015-09-09 13:20:32'),(409,3,1337,3,'SLA Violation: Node: \'G132-2590\', PAA Name: Cvas1-Cvas2-L2, Service Number: 1, KPI: \'one_way_dv_avg\' ',1441788632,'2015-09-09 13:20:32'),(410,3,1351,3,'SLA Violation: Node: \'G132-2590\', PAA Name: Cvas1-Cvas2-L3, Service Number: 2, KPI: \'one_way_dv_avg\' ',1441788632,'2015-09-09 13:20:32'),(411,3,1352,4,'SLA Violation: Node: \'G132-2590\', PAA Name: Cvas1-Cvas2-L3, Service Number: 2, KPI: \'two_way_delay_min\' ',1441788632,'2015-09-09 13:20:32'),(412,3,741,3,'SLA Violation: Node: \'G132-2550\', PAA Name: Cvas1-Cvas2-L2, Service Number: 1, KPI: \'one_way_dv_avg\' ',1441788647,'2015-09-09 13:20:47'),(413,3,742,4,'SLA Violation: Node: \'G132-2550\', PAA Name: Cvas1-Cvas2-L2, Service Number: 1, KPI: \'two_way_delay_min\' ',1441788647,'2015-09-09 13:20:47'),(414,3,755,3,'SLA Violation: Node: \'G132-2550\', PAA Name: Cvas1-Cvas2-L3, Service Number: 2, KPI: \'one_way_dv_avg\' ',1441788647,'2015-09-09 13:20:47'),(415,3,756,4,'SLA Violation: Node: \'G132-2550\', PAA Name: Cvas1-Cvas2-L3, Service Number: 2, KPI: \'two_way_delay_min\' ',1441788647,'2015-09-09 13:20:47'),(416,3,1337,3,'SLA Violation: Node: \'G132-2590\', PAA Name: Cvas1-Cvas2-L2, Service Number: 1, KPI: \'one_way_dv_avg\' ',1441788647,'2015-09-09 13:20:47'),(417,3,1338,4,'SLA Violation: Node: \'G132-2590\', PAA Name: Cvas1-Cvas2-L2, Service Number: 1, KPI: \'two_way_delay_min\' ',1441788647,'2015-09-09 13:20:47'),(418,3,1352,4,'SLA Violation: Node: \'G132-2590\', PAA Name: Cvas1-Cvas2-L3, Service Number: 2, KPI: \'two_way_delay_min\' ',1441788647,'2015-09-09 13:20:47'),(419,3,1351,3,'SLA Violation: Node: \'G132-2590\', PAA Name: Cvas1-Cvas2-L3, Service Number: 2, KPI: \'one_way_dv_avg\' ',1441788647,'2015-09-09 13:20:47'),(420,3,741,3,'SLA Violation: Node: \'G132-2550\', PAA Name: Cvas1-Cvas2-L2, Service Number: 1, KPI: \'one_way_dv_avg\' ',1441788662,'2015-09-09 13:21:02'),(421,3,742,4,'SLA Violation: Node: \'G132-2550\', PAA Name: Cvas1-Cvas2-L2, Service Number: 1, KPI: \'two_way_delay_min\' ',1441788662,'2015-09-09 13:21:02'),(422,3,755,3,'SLA Violation: Node: \'G132-2550\', PAA Name: Cvas1-Cvas2-L3, Service Number: 2, KPI: \'one_way_dv_avg\' ',1441788662,'2015-09-09 13:21:02'),(423,3,756,4,'SLA Violation: Node: \'G132-2550\', PAA Name: Cvas1-Cvas2-L3, Service Number: 2, KPI: \'two_way_delay_min\' ',1441788662,'2015-09-09 13:21:02'),(424,3,1337,3,'SLA Violation: Node: \'G132-2590\', PAA Name: Cvas1-Cvas2-L2, Service Number: 1, KPI: \'one_way_dv_avg\' ',1441788662,'2015-09-09 13:21:02'),(425,3,1338,4,'SLA Violation: Node: \'G132-2590\', PAA Name: Cvas1-Cvas2-L2, Service Number: 1, KPI: \'two_way_delay_min\' ',1441788662,'2015-09-09 13:21:02'),(426,3,1351,3,'SLA Violation: Node: \'G132-2590\', PAA Name: Cvas1-Cvas2-L3, Service Number: 2, KPI: \'one_way_dv_avg\' ',1441788662,'2015-09-09 13:21:02'),(427,3,1352,4,'SLA Violation: Node: \'G132-2590\', PAA Name: Cvas1-Cvas2-L3, Service Number: 2, KPI: \'two_way_delay_min\' ',1441788662,'2015-09-09 13:21:02'),(428,3,741,3,'SLA Violation: Node: \'G132-2550\', PAA Name: Cvas1-Cvas2-L2, Service Number: 1, KPI: \'one_way_dv_avg\' ',1441788677,'2015-09-09 13:21:17'),(429,3,755,3,'SLA Violation: Node: \'G132-2550\', PAA Name: Cvas1-Cvas2-L3, Service Number: 2, KPI: \'one_way_dv_avg\' ',1441788677,'2015-09-09 13:21:17'),(430,3,742,4,'SLA Violation: Node: \'G132-2550\', PAA Name: Cvas1-Cvas2-L2, Service Number: 1, KPI: \'two_way_delay_min\' ',1441788677,'2015-09-09 13:21:17'),(431,3,756,4,'SLA Violation: Node: \'G132-2550\', PAA Name: Cvas1-Cvas2-L3, Service Number: 2, KPI: \'two_way_delay_min\' ',1441788677,'2015-09-09 13:21:17'),(432,3,1337,3,'SLA Violation: Node: \'G132-2590\', PAA Name: Cvas1-Cvas2-L2, Service Number: 1, KPI: \'one_way_dv_avg\' ',1441788677,'2015-09-09 13:21:17'),(433,3,1338,4,'SLA Violation: Node: \'G132-2590\', PAA Name: Cvas1-Cvas2-L2, Service Number: 1, KPI: \'two_way_delay_min\' ',1441788677,'2015-09-09 13:21:17'),(434,3,1351,3,'SLA Violation: Node: \'G132-2590\', PAA Name: Cvas1-Cvas2-L3, Service Number: 2, KPI: \'one_way_dv_avg\' ',1441788677,'2015-09-09 13:21:17'),(435,3,1352,4,'SLA Violation: Node: \'G132-2590\', PAA Name: Cvas1-Cvas2-L3, Service Number: 2, KPI: \'two_way_delay_min\' ',1441788677,'2015-09-09 13:21:17'),(436,3,755,3,'SLA Violation: Node: \'G132-2550\', PAA Name: Cvas1-Cvas2-L3, Service Number: 2, KPI: \'one_way_dv_avg\' ',1441788692,'2015-09-09 13:21:32'),(437,3,741,3,'SLA Violation: Node: \'G132-2550\', PAA Name: Cvas1-Cvas2-L2, Service Number: 1, KPI: \'one_way_dv_avg\' ',1441788692,'2015-09-09 13:21:32'),(438,3,742,4,'SLA Violation: Node: \'G132-2550\', PAA Name: Cvas1-Cvas2-L2, Service Number: 1, KPI: \'two_way_delay_min\' ',1441788692,'2015-09-09 13:21:32'),(439,3,756,4,'SLA Violation: Node: \'G132-2550\', PAA Name: Cvas1-Cvas2-L3, Service Number: 2, KPI: \'two_way_delay_min\' ',1441788692,'2015-09-09 13:21:32'),(440,3,1337,3,'SLA Violation: Node: \'G132-2590\', PAA Name: Cvas1-Cvas2-L2, Service Number: 1, KPI: \'one_way_dv_avg\' ',1441788692,'2015-09-09 13:21:32'),(441,3,1338,4,'SLA Violation: Node: \'G132-2590\', PAA Name: Cvas1-Cvas2-L2, Service Number: 1, KPI: \'two_way_delay_min\' ',1441788692,'2015-09-09 13:21:32'),(442,3,1351,3,'SLA Violation: Node: \'G132-2590\', PAA Name: Cvas1-Cvas2-L3, Service Number: 2, KPI: \'one_way_dv_avg\' ',1441788692,'2015-09-09 13:21:32'),(443,3,1352,4,'SLA Violation: Node: \'G132-2590\', PAA Name: Cvas1-Cvas2-L3, Service Number: 2, KPI: \'two_way_delay_min\' ',1441788692,'2015-09-09 13:21:32'),(444,3,741,3,'SLA Violation: Node: \'G132-2550\', PAA Name: Cvas1-Cvas2-L2, Service Number: 1, KPI: \'one_way_dv_avg\' ',1441788707,'2015-09-09 13:21:47'),(445,3,742,4,'SLA Violation: Node: \'G132-2550\', PAA Name: Cvas1-Cvas2-L2, Service Number: 1, KPI: \'two_way_delay_min\' ',1441788707,'2015-09-09 13:21:47'),(446,3,755,3,'SLA Violation: Node: \'G132-2550\', PAA Name: Cvas1-Cvas2-L3, Service Number: 2, KPI: \'one_way_dv_avg\' ',1441788707,'2015-09-09 13:21:47'),(447,3,756,4,'SLA Violation: Node: \'G132-2550\', PAA Name: Cvas1-Cvas2-L3, Service Number: 2, KPI: \'two_way_delay_min\' ',1441788707,'2015-09-09 13:21:47'),(448,3,1337,3,'SLA Violation: Node: \'G132-2590\', PAA Name: Cvas1-Cvas2-L2, Service Number: 1, KPI: \'one_way_dv_avg\' ',1441788707,'2015-09-09 13:21:47'),(449,3,1338,4,'SLA Violation: Node: \'G132-2590\', PAA Name: Cvas1-Cvas2-L2, Service Number: 1, KPI: \'two_way_delay_min\' ',1441788707,'2015-09-09 13:21:47'),(450,3,1351,3,'SLA Violation: Node: \'G132-2590\', PAA Name: Cvas1-Cvas2-L3, Service Number: 2, KPI: \'one_way_dv_avg\' ',1441788707,'2015-09-09 13:21:47'),(451,3,1352,4,'SLA Violation: Node: \'G132-2590\', PAA Name: Cvas1-Cvas2-L3, Service Number: 2, KPI: \'two_way_delay_min\' ',1441788707,'2015-09-09 13:21:47'),(452,3,741,3,'SLA Violation: Node: \'G132-2550\', PAA Name: Cvas1-Cvas2-L2, Service Number: 1, KPI: \'one_way_dv_avg\' ',1441788722,'2015-09-09 13:22:02'),(453,3,742,4,'SLA Violation: Node: \'G132-2550\', PAA Name: Cvas1-Cvas2-L2, Service Number: 1, KPI: \'two_way_delay_min\' ',1441788722,'2015-09-09 13:22:02'),(454,3,755,3,'SLA Violation: Node: \'G132-2550\', PAA Name: Cvas1-Cvas2-L3, Service Number: 2, KPI: \'one_way_dv_avg\' ',1441788722,'2015-09-09 13:22:02'),(455,3,756,4,'SLA Violation: Node: \'G132-2550\', PAA Name: Cvas1-Cvas2-L3, Service Number: 2, KPI: \'two_way_delay_min\' ',1441788722,'2015-09-09 13:22:02'),(456,3,1337,3,'SLA Violation: Node: \'G132-2590\', PAA Name: Cvas1-Cvas2-L2, Service Number: 1, KPI: \'one_way_dv_avg\' ',1441788722,'2015-09-09 13:22:02'),(457,3,1338,4,'SLA Violation: Node: \'G132-2590\', PAA Name: Cvas1-Cvas2-L2, Service Number: 1, KPI: \'two_way_delay_min\' ',1441788722,'2015-09-09 13:22:02'),(458,3,1351,3,'SLA Violation: Node: \'G132-2590\', PAA Name: Cvas1-Cvas2-L3, Service Number: 2, KPI: \'one_way_dv_avg\' ',1441788722,'2015-09-09 13:22:02'),(459,3,1352,4,'SLA Violation: Node: \'G132-2590\', PAA Name: Cvas1-Cvas2-L3, Service Number: 2, KPI: \'two_way_delay_min\' ',1441788722,'2015-09-09 13:22:02'),(460,3,741,3,'SLA Violation: Node: \'G132-2550\', PAA Name: Cvas1-Cvas2-L2, Service Number: 1, KPI: \'one_way_dv_avg\' ',1441788737,'2015-09-09 13:22:17'),(461,3,742,4,'SLA Violation: Node: \'G132-2550\', PAA Name: Cvas1-Cvas2-L2, Service Number: 1, KPI: \'two_way_delay_min\' ',1441788737,'2015-09-09 13:22:17'),(462,3,755,3,'SLA Violation: Node: \'G132-2550\', PAA Name: Cvas1-Cvas2-L3, Service Number: 2, KPI: \'one_way_dv_avg\' ',1441788737,'2015-09-09 13:22:17'),(463,3,756,4,'SLA Violation: Node: \'G132-2550\', PAA Name: Cvas1-Cvas2-L3, Service Number: 2, KPI: \'two_way_delay_min\' ',1441788737,'2015-09-09 13:22:17'),(464,3,1338,4,'SLA Violation: Node: \'G132-2590\', PAA Name: Cvas1-Cvas2-L2, Service Number: 1, KPI: \'two_way_delay_min\' ',1441788737,'2015-09-09 13:22:17'),(465,3,1337,3,'SLA Violation: Node: \'G132-2590\', PAA Name: Cvas1-Cvas2-L2, Service Number: 1, KPI: \'one_way_dv_avg\' ',1441788737,'2015-09-09 13:22:17'),(466,3,1352,4,'SLA Violation: Node: \'G132-2590\', PAA Name: Cvas1-Cvas2-L3, Service Number: 2, KPI: \'two_way_delay_min\' ',1441788737,'2015-09-09 13:22:17'),(467,3,1351,3,'SLA Violation: Node: \'G132-2590\', PAA Name: Cvas1-Cvas2-L3, Service Number: 2, KPI: \'one_way_dv_avg\' ',1441788737,'2015-09-09 13:22:17'),(468,3,741,3,'SLA Violation: Node: \'G132-2550\', PAA Name: Cvas1-Cvas2-L2, Service Number: 1, KPI: \'one_way_dv_avg\' ',1441788752,'2015-09-09 13:22:32'),(469,3,755,3,'SLA Violation: Node: \'G132-2550\', PAA Name: Cvas1-Cvas2-L3, Service Number: 2, KPI: \'one_way_dv_avg\' ',1441788752,'2015-09-09 13:22:32'),(470,3,742,4,'SLA Violation: Node: \'G132-2550\', PAA Name: Cvas1-Cvas2-L2, Service Number: 1, KPI: \'two_way_delay_min\' ',1441788752,'2015-09-09 13:22:32'),(471,3,756,4,'SLA Violation: Node: \'G132-2550\', PAA Name: Cvas1-Cvas2-L3, Service Number: 2, KPI: \'two_way_delay_min\' ',1441788752,'2015-09-09 13:22:32'),(472,3,1337,3,'SLA Violation: Node: \'G132-2590\', PAA Name: Cvas1-Cvas2-L2, Service Number: 1, KPI: \'one_way_dv_avg\' ',1441788752,'2015-09-09 13:22:32'),(473,3,1338,4,'SLA Violation: Node: \'G132-2590\', PAA Name: Cvas1-Cvas2-L2, Service Number: 1, KPI: \'two_way_delay_min\' ',1441788752,'2015-09-09 13:22:32'),(474,3,1351,3,'SLA Violation: Node: \'G132-2590\', PAA Name: Cvas1-Cvas2-L3, Service Number: 2, KPI: \'one_way_dv_avg\' ',1441788752,'2015-09-09 13:22:32'),(475,3,1352,4,'SLA Violation: Node: \'G132-2590\', PAA Name: Cvas1-Cvas2-L3, Service Number: 2, KPI: \'two_way_delay_min\' ',1441788752,'2015-09-09 13:22:32'),(476,3,1337,3,'SLA Violation: Node: \'G132-2590\', PAA Name: Cvas1-Cvas2-L2, Service Number: 1, KPI: \'one_way_dv_avg\' ',1441788767,'2015-09-09 13:22:47'),(477,3,1338,4,'SLA Violation: Node: \'G132-2590\', PAA Name: Cvas1-Cvas2-L2, Service Number: 1, KPI: \'two_way_delay_min\' ',1441788767,'2015-09-09 13:22:47'),(478,3,1351,3,'SLA Violation: Node: \'G132-2590\', PAA Name: Cvas1-Cvas2-L3, Service Number: 2, KPI: \'one_way_dv_avg\' ',1441788767,'2015-09-09 13:22:47'),(479,3,1352,4,'SLA Violation: Node: \'G132-2590\', PAA Name: Cvas1-Cvas2-L3, Service Number: 2, KPI: \'two_way_delay_min\' ',1441788767,'2015-09-09 13:22:47'),(480,3,741,3,'SLA Violation: Node: \'G132-2550\', PAA Name: Cvas1-Cvas2-L2, Service Number: 1, KPI: \'one_way_dv_avg\' ',1441788767,'2015-09-09 13:22:47'),(481,3,742,4,'SLA Violation: Node: \'G132-2550\', PAA Name: Cvas1-Cvas2-L2, Service Number: 1, KPI: \'two_way_delay_min\' ',1441788767,'2015-09-09 13:22:47'),(482,3,755,3,'SLA Violation: Node: \'G132-2550\', PAA Name: Cvas1-Cvas2-L3, Service Number: 2, KPI: \'one_way_dv_avg\' ',1441788767,'2015-09-09 13:22:47'),(483,3,756,4,'SLA Violation: Node: \'G132-2550\', PAA Name: Cvas1-Cvas2-L3, Service Number: 2, KPI: \'two_way_delay_min\' ',1441788767,'2015-09-09 13:22:47'),(484,3,741,3,'SLA Violation: Node: \'G132-2550\', PAA Name: Cvas1-Cvas2-L2, Service Number: 1, KPI: \'one_way_dv_avg\' ',1441788782,'2015-09-09 13:23:02'),(485,3,742,4,'SLA Violation: Node: \'G132-2550\', PAA Name: Cvas1-Cvas2-L2, Service Number: 1, KPI: \'two_way_delay_min\' ',1441788782,'2015-09-09 13:23:02'),(486,3,755,3,'SLA Violation: Node: \'G132-2550\', PAA Name: Cvas1-Cvas2-L3, Service Number: 2, KPI: \'one_way_dv_avg\' ',1441788782,'2015-09-09 13:23:02'),(487,3,756,4,'SLA Violation: Node: \'G132-2550\', PAA Name: Cvas1-Cvas2-L3, Service Number: 2, KPI: \'two_way_delay_min\' ',1441788782,'2015-09-09 13:23:02'),(488,3,1338,4,'SLA Violation: Node: \'G132-2590\', PAA Name: Cvas1-Cvas2-L2, Service Number: 1, KPI: \'two_way_delay_min\' ',1441788782,'2015-09-09 13:23:02'),(489,3,1337,3,'SLA Violation: Node: \'G132-2590\', PAA Name: Cvas1-Cvas2-L2, Service Number: 1, KPI: \'one_way_dv_avg\' ',1441788782,'2015-09-09 13:23:02'),(490,3,1351,3,'SLA Violation: Node: \'G132-2590\', PAA Name: Cvas1-Cvas2-L3, Service Number: 2, KPI: \'one_way_dv_avg\' ',1441788782,'2015-09-09 13:23:02'),(491,3,1352,4,'SLA Violation: Node: \'G132-2590\', PAA Name: Cvas1-Cvas2-L3, Service Number: 2, KPI: \'two_way_delay_min\' ',1441788782,'2015-09-09 13:23:02'),(492,3,741,3,'SLA Violation: Node: \'G132-2550\', PAA Name: Cvas1-Cvas2-L2, Service Number: 1, KPI: \'one_way_dv_avg\' ',1441788797,'2015-09-09 13:23:17'),(493,3,742,4,'SLA Violation: Node: \'G132-2550\', PAA Name: Cvas1-Cvas2-L2, Service Number: 1, KPI: \'two_way_delay_min\' ',1441788797,'2015-09-09 13:23:17'),(494,3,755,3,'SLA Violation: Node: \'G132-2550\', PAA Name: Cvas1-Cvas2-L3, Service Number: 2, KPI: \'one_way_dv_avg\' ',1441788797,'2015-09-09 13:23:17'),(495,3,756,4,'SLA Violation: Node: \'G132-2550\', PAA Name: Cvas1-Cvas2-L3, Service Number: 2, KPI: \'two_way_delay_min\' ',1441788797,'2015-09-09 13:23:17'),(496,3,1338,4,'SLA Violation: Node: \'G132-2590\', PAA Name: Cvas1-Cvas2-L2, Service Number: 1, KPI: \'two_way_delay_min\' ',1441788797,'2015-09-09 13:23:17'),(497,3,1337,3,'SLA Violation: Node: \'G132-2590\', PAA Name: Cvas1-Cvas2-L2, Service Number: 1, KPI: \'one_way_dv_avg\' ',1441788797,'2015-09-09 13:23:17'),(498,3,1351,3,'SLA Violation: Node: \'G132-2590\', PAA Name: Cvas1-Cvas2-L3, Service Number: 2, KPI: \'one_way_dv_avg\' ',1441788797,'2015-09-09 13:23:17'),(499,3,1352,4,'SLA Violation: Node: \'G132-2590\', PAA Name: Cvas1-Cvas2-L3, Service Number: 2, KPI: \'two_way_delay_min\' ',1441788797,'2015-09-09 13:23:17'),(500,3,1337,3,'SLA Violation: Node: \'G132-2590\', PAA Name: Cvas1-Cvas2-L2, Service Number: 1, KPI: \'one_way_dv_avg\' ',1441788812,'2015-09-09 13:23:32'),(501,3,1338,4,'SLA Violation: Node: \'G132-2590\', PAA Name: Cvas1-Cvas2-L2, Service Number: 1, KPI: \'two_way_delay_min\' ',1441788812,'2015-09-09 13:23:32'),(502,3,1351,3,'SLA Violation: Node: \'G132-2590\', PAA Name: Cvas1-Cvas2-L3, Service Number: 2, KPI: \'one_way_dv_avg\' ',1441788812,'2015-09-09 13:23:32'),(503,3,1352,4,'SLA Violation: Node: \'G132-2590\', PAA Name: Cvas1-Cvas2-L3, Service Number: 2, KPI: \'two_way_delay_min\' ',1441788812,'2015-09-09 13:23:32'),(504,3,741,3,'SLA Violation: Node: \'G132-2550\', PAA Name: Cvas1-Cvas2-L2, Service Number: 1, KPI: \'one_way_dv_avg\' ',1441788812,'2015-09-09 13:23:32'),(505,3,742,4,'SLA Violation: Node: \'G132-2550\', PAA Name: Cvas1-Cvas2-L2, Service Number: 1, KPI: \'two_way_delay_min\' ',1441788812,'2015-09-09 13:23:32'),(506,3,755,3,'SLA Violation: Node: \'G132-2550\', PAA Name: Cvas1-Cvas2-L3, Service Number: 2, KPI: \'one_way_dv_avg\' ',1441788812,'2015-09-09 13:23:32'),(507,3,756,4,'SLA Violation: Node: \'G132-2550\', PAA Name: Cvas1-Cvas2-L3, Service Number: 2, KPI: \'two_way_delay_min\' ',1441788812,'2015-09-09 13:23:32'),(508,3,741,3,'SLA Violation: Node: \'G132-2550\', PAA Name: Cvas1-Cvas2-L2, Service Number: 1, KPI: \'one_way_dv_avg\' ',1441788827,'2015-09-09 13:23:47'),(509,3,742,4,'SLA Violation: Node: \'G132-2550\', PAA Name: Cvas1-Cvas2-L2, Service Number: 1, KPI: \'two_way_delay_min\' ',1441788827,'2015-09-09 13:23:47'),(510,3,755,3,'SLA Violation: Node: \'G132-2550\', PAA Name: Cvas1-Cvas2-L3, Service Number: 2, KPI: \'one_way_dv_avg\' ',1441788827,'2015-09-09 13:23:47'),(511,3,1337,3,'SLA Violation: Node: \'G132-2590\', PAA Name: Cvas1-Cvas2-L2, Service Number: 1, KPI: \'one_way_dv_avg\' ',1441788827,'2015-09-09 13:23:47'),(512,3,1338,4,'SLA Violation: Node: \'G132-2590\', PAA Name: Cvas1-Cvas2-L2, Service Number: 1, KPI: \'two_way_delay_min\' ',1441788827,'2015-09-09 13:23:47'),(513,3,756,4,'SLA Violation: Node: \'G132-2550\', PAA Name: Cvas1-Cvas2-L3, Service Number: 2, KPI: \'two_way_delay_min\' ',1441788827,'2015-09-09 13:23:47'),(514,3,1351,3,'SLA Violation: Node: \'G132-2590\', PAA Name: Cvas1-Cvas2-L3, Service Number: 2, KPI: \'one_way_dv_avg\' ',1441788827,'2015-09-09 13:23:47'),(515,3,1352,4,'SLA Violation: Node: \'G132-2590\', PAA Name: Cvas1-Cvas2-L3, Service Number: 2, KPI: \'two_way_delay_min\' ',1441788827,'2015-09-09 13:23:47'),(516,6,-1,1,'File G132-2550_history_2015-09-09_03h30m00s_regulator_all_487718.csv.gz successfully proceed',1441788828833,'2015-09-09 13:23:48'),(517,3,741,3,'SLA Violation: Node: \'G132-2550\', PAA Name: Cvas1-Cvas2-L2, Service Number: 1, KPI: \'one_way_dv_avg\' ',1441768560,'2015-09-09 13:23:50'),(518,3,742,4,'SLA Violation: Node: \'G132-2550\', PAA Name: Cvas1-Cvas2-L2, Service Number: 1, KPI: \'two_way_delay_min\' ',1441768560,'2015-09-09 13:23:50'),(519,3,741,3,'SLA Violation: Node: \'G132-2550\', PAA Name: Cvas1-Cvas2-L2, Service Number: 1, KPI: \'one_way_dv_avg\' ',1441768620,'2015-09-09 13:23:50'),(520,3,742,4,'SLA Violation: Node: \'G132-2550\', PAA Name: Cvas1-Cvas2-L2, Service Number: 1, KPI: \'two_way_delay_min\' ',1441768620,'2015-09-09 13:23:50'),(521,3,741,3,'SLA Violation: Node: \'G132-2550\', PAA Name: Cvas1-Cvas2-L2, Service Number: 1, KPI: \'one_way_dv_avg\' ',1441768680,'2015-09-09 13:23:50'),(522,3,742,4,'SLA Violation: Node: \'G132-2550\', PAA Name: Cvas1-Cvas2-L2, Service Number: 1, KPI: \'two_way_delay_min\' ',1441768680,'2015-09-09 13:23:50'),(523,3,741,3,'SLA Violation: Node: \'G132-2550\', PAA Name: Cvas1-Cvas2-L2, Service Number: 1, KPI: \'one_way_dv_avg\' ',1441768740,'2015-09-09 13:23:50'),(524,3,742,4,'SLA Violation: Node: \'G132-2550\', PAA Name: Cvas1-Cvas2-L2, Service Number: 1, KPI: \'two_way_delay_min\' ',1441768740,'2015-09-09 13:23:50'),(525,3,741,3,'SLA Violation: Node: \'G132-2550\', PAA Name: Cvas1-Cvas2-L2, Service Number: 1, KPI: \'one_way_dv_avg\' ',1441768800,'2015-09-09 13:23:50'),(526,3,742,4,'SLA Violation: Node: \'G132-2550\', PAA Name: Cvas1-Cvas2-L2, Service Number: 1, KPI: \'two_way_delay_min\' ',1441768800,'2015-09-09 13:23:50'),(527,3,742,4,'SLA Violation: Node: \'G132-2550\', PAA Name: Cvas1-Cvas2-L2, Service Number: 1, KPI: \'two_way_delay_min\' ',1441768860,'2015-09-09 13:23:50'),(528,3,741,3,'SLA Violation: Node: \'G132-2550\', PAA Name: Cvas1-Cvas2-L2, Service Number: 1, KPI: \'one_way_dv_avg\' ',1441768860,'2015-09-09 13:23:50'),(529,3,741,3,'SLA Violation: Node: \'G132-2550\', PAA Name: Cvas1-Cvas2-L2, Service Number: 1, KPI: \'one_way_dv_avg\' ',1441768920,'2015-09-09 13:23:50'),(530,3,742,4,'SLA Violation: Node: \'G132-2550\', PAA Name: Cvas1-Cvas2-L2, Service Number: 1, KPI: \'two_way_delay_min\' ',1441768920,'2015-09-09 13:23:50'),(531,3,741,3,'SLA Violation: Node: \'G132-2550\', PAA Name: Cvas1-Cvas2-L2, Service Number: 1, KPI: \'one_way_dv_avg\' ',1441768980,'2015-09-09 13:23:50'),(532,3,742,4,'SLA Violation: Node: \'G132-2550\', PAA Name: Cvas1-Cvas2-L2, Service Number: 1, KPI: \'two_way_delay_min\' ',1441768980,'2015-09-09 13:23:50'),(533,3,741,3,'SLA Violation: Node: \'G132-2550\', PAA Name: Cvas1-Cvas2-L2, Service Number: 1, KPI: \'one_way_dv_avg\' ',1441769040,'2015-09-09 13:23:50'),(534,3,742,4,'SLA Violation: Node: \'G132-2550\', PAA Name: Cvas1-Cvas2-L2, Service Number: 1, KPI: \'two_way_delay_min\' ',1441769040,'2015-09-09 13:23:50'),(535,3,741,3,'SLA Violation: Node: \'G132-2550\', PAA Name: Cvas1-Cvas2-L2, Service Number: 1, KPI: \'one_way_dv_avg\' ',1441769100,'2015-09-09 13:23:50'),(536,3,742,4,'SLA Violation: Node: \'G132-2550\', PAA Name: Cvas1-Cvas2-L2, Service Number: 1, KPI: \'two_way_delay_min\' ',1441769100,'2015-09-09 13:23:51'),(537,3,741,3,'SLA Violation: Node: \'G132-2550\', PAA Name: Cvas1-Cvas2-L2, Service Number: 1, KPI: \'one_way_dv_avg\' ',1441769160,'2015-09-09 13:23:51'),(538,3,742,4,'SLA Violation: Node: \'G132-2550\', PAA Name: Cvas1-Cvas2-L2, Service Number: 1, KPI: \'two_way_delay_min\' ',1441769160,'2015-09-09 13:23:51'),(539,3,741,3,'SLA Violation: Node: \'G132-2550\', PAA Name: Cvas1-Cvas2-L2, Service Number: 1, KPI: \'one_way_dv_avg\' ',1441769220,'2015-09-09 13:23:51'),(540,3,742,4,'SLA Violation: Node: \'G132-2550\', PAA Name: Cvas1-Cvas2-L2, Service Number: 1, KPI: \'two_way_delay_min\' ',1441769220,'2015-09-09 13:23:51'),(541,3,741,3,'SLA Violation: Node: \'G132-2550\', PAA Name: Cvas1-Cvas2-L2, Service Number: 1, KPI: \'one_way_dv_avg\' ',1441769280,'2015-09-09 13:23:51'),(542,3,742,4,'SLA Violation: Node: \'G132-2550\', PAA Name: Cvas1-Cvas2-L2, Service Number: 1, KPI: \'two_way_delay_min\' ',1441769280,'2015-09-09 13:23:51'),(543,3,741,3,'SLA Violation: Node: \'G132-2550\', PAA Name: Cvas1-Cvas2-L2, Service Number: 1, KPI: \'one_way_dv_avg\' ',1441769340,'2015-09-09 13:23:51'),(544,3,742,4,'SLA Violation: Node: \'G132-2550\', PAA Name: Cvas1-Cvas2-L2, Service Number: 1, KPI: \'two_way_delay_min\' ',1441769340,'2015-09-09 13:23:51'),(545,3,742,4,'SLA Violation: Node: \'G132-2550\', PAA Name: Cvas1-Cvas2-L2, Service Number: 1, KPI: \'two_way_delay_min\' ',1441769400,'2015-09-09 13:23:51'),(546,3,741,3,'SLA Violation: Node: \'G132-2550\', PAA Name: Cvas1-Cvas2-L2, Service Number: 1, KPI: \'one_way_dv_avg\' ',1441769400,'2015-09-09 13:23:51'),(547,3,755,3,'SLA Violation: Node: \'G132-2550\', PAA Name: Cvas1-Cvas2-L3, Service Number: 2, KPI: \'one_way_dv_avg\' ',1441768560,'2015-09-09 13:23:51'),(548,3,756,4,'SLA Violation: Node: \'G132-2550\', PAA Name: Cvas1-Cvas2-L3, Service Number: 2, KPI: \'two_way_delay_min\' ',1441768560,'2015-09-09 13:23:51'),(549,3,755,3,'SLA Violation: Node: \'G132-2550\', PAA Name: Cvas1-Cvas2-L3, Service Number: 2, KPI: \'one_way_dv_avg\' ',1441768620,'2015-09-09 13:23:51'),(550,3,756,4,'SLA Violation: Node: \'G132-2550\', PAA Name: Cvas1-Cvas2-L3, Service Number: 2, KPI: \'two_way_delay_min\' ',1441768620,'2015-09-09 13:23:51'),(551,3,756,4,'SLA Violation: Node: \'G132-2550\', PAA Name: Cvas1-Cvas2-L3, Service Number: 2, KPI: \'two_way_delay_min\' ',1441768680,'2015-09-09 13:23:51'),(552,3,755,3,'SLA Violation: Node: \'G132-2550\', PAA Name: Cvas1-Cvas2-L3, Service Number: 2, KPI: \'one_way_dv_avg\' ',1441768680,'2015-09-09 13:23:51'),(553,3,755,3,'SLA Violation: Node: \'G132-2550\', PAA Name: Cvas1-Cvas2-L3, Service Number: 2, KPI: \'one_way_dv_avg\' ',1441768740,'2015-09-09 13:23:52'),(554,3,756,4,'SLA Violation: Node: \'G132-2550\', PAA Name: Cvas1-Cvas2-L3, Service Number: 2, KPI: \'two_way_delay_min\' ',1441768740,'2015-09-09 13:23:52'),(555,3,755,3,'SLA Violation: Node: \'G132-2550\', PAA Name: Cvas1-Cvas2-L3, Service Number: 2, KPI: \'one_way_dv_avg\' ',1441768800,'2015-09-09 13:23:52'),(556,3,756,4,'SLA Violation: Node: \'G132-2550\', PAA Name: Cvas1-Cvas2-L3, Service Number: 2, KPI: \'two_way_delay_min\' ',1441768800,'2015-09-09 13:23:52'),(557,3,755,3,'SLA Violation: Node: \'G132-2550\', PAA Name: Cvas1-Cvas2-L3, Service Number: 2, KPI: \'one_way_dv_avg\' ',1441768860,'2015-09-09 13:23:52'),(558,3,756,4,'SLA Violation: Node: \'G132-2550\', PAA Name: Cvas1-Cvas2-L3, Service Number: 2, KPI: \'two_way_delay_min\' ',1441768860,'2015-09-09 13:23:52'),(559,3,755,3,'SLA Violation: Node: \'G132-2550\', PAA Name: Cvas1-Cvas2-L3, Service Number: 2, KPI: \'one_way_dv_avg\' ',1441768920,'2015-09-09 13:23:52'),(560,3,756,4,'SLA Violation: Node: \'G132-2550\', PAA Name: Cvas1-Cvas2-L3, Service Number: 2, KPI: \'two_way_delay_min\' ',1441768920,'2015-09-09 13:23:52'),(561,3,755,3,'SLA Violation: Node: \'G132-2550\', PAA Name: Cvas1-Cvas2-L3, Service Number: 2, KPI: \'one_way_dv_avg\' ',1441768980,'2015-09-09 13:23:52'),(562,3,756,4,'SLA Violation: Node: \'G132-2550\', PAA Name: Cvas1-Cvas2-L3, Service Number: 2, KPI: \'two_way_delay_min\' ',1441768980,'2015-09-09 13:23:52'),(563,3,755,3,'SLA Violation: Node: \'G132-2550\', PAA Name: Cvas1-Cvas2-L3, Service Number: 2, KPI: \'one_way_dv_avg\' ',1441769040,'2015-09-09 13:23:52'),(564,3,756,4,'SLA Violation: Node: \'G132-2550\', PAA Name: Cvas1-Cvas2-L3, Service Number: 2, KPI: \'two_way_delay_min\' ',1441769040,'2015-09-09 13:23:52'),(565,3,755,3,'SLA Violation: Node: \'G132-2550\', PAA Name: Cvas1-Cvas2-L3, Service Number: 2, KPI: \'one_way_dv_avg\' ',1441769100,'2015-09-09 13:23:52'),(566,3,756,4,'SLA Violation: Node: \'G132-2550\', PAA Name: Cvas1-Cvas2-L3, Service Number: 2, KPI: \'two_way_delay_min\' ',1441769100,'2015-09-09 13:23:52'),(567,3,755,3,'SLA Violation: Node: \'G132-2550\', PAA Name: Cvas1-Cvas2-L3, Service Number: 2, KPI: \'one_way_dv_avg\' ',1441769160,'2015-09-09 13:23:52'),(568,3,756,4,'SLA Violation: Node: \'G132-2550\', PAA Name: Cvas1-Cvas2-L3, Service Number: 2, KPI: \'two_way_delay_min\' ',1441769160,'2015-09-09 13:23:52'),(569,3,755,3,'SLA Violation: Node: \'G132-2550\', PAA Name: Cvas1-Cvas2-L3, Service Number: 2, KPI: \'one_way_dv_avg\' ',1441769220,'2015-09-09 13:23:52'),(570,3,756,4,'SLA Violation: Node: \'G132-2550\', PAA Name: Cvas1-Cvas2-L3, Service Number: 2, KPI: \'two_way_delay_min\' ',1441769220,'2015-09-09 13:23:52'),(571,3,755,3,'SLA Violation: Node: \'G132-2550\', PAA Name: Cvas1-Cvas2-L3, Service Number: 2, KPI: \'one_way_dv_avg\' ',1441769280,'2015-09-09 13:23:52'),(572,3,756,4,'SLA Violation: Node: \'G132-2550\', PAA Name: Cvas1-Cvas2-L3, Service Number: 2, KPI: \'two_way_delay_min\' ',1441769280,'2015-09-09 13:23:52'),(573,3,755,3,'SLA Violation: Node: \'G132-2550\', PAA Name: Cvas1-Cvas2-L3, Service Number: 2, KPI: \'one_way_dv_avg\' ',1441769340,'2015-09-09 13:23:52'),(574,3,756,4,'SLA Violation: Node: \'G132-2550\', PAA Name: Cvas1-Cvas2-L3, Service Number: 2, KPI: \'two_way_delay_min\' ',1441769340,'2015-09-09 13:23:52'),(575,3,756,4,'SLA Violation: Node: \'G132-2550\', PAA Name: Cvas1-Cvas2-L3, Service Number: 2, KPI: \'two_way_delay_min\' ',1441769400,'2015-09-09 13:23:52'),(576,3,755,3,'SLA Violation: Node: \'G132-2550\', PAA Name: Cvas1-Cvas2-L3, Service Number: 2, KPI: \'one_way_dv_avg\' ',1441769400,'2015-09-09 13:23:52'),(577,6,-1,1,'File G132-2550_history_2015-09-09_03h30m00s_paa_all_510778.csv.gz successfully proceed',1441788838560,'2015-09-09 13:23:58'),(578,3,741,3,'SLA Violation: Node: \'G132-2550\', PAA Name: Cvas1-Cvas2-L2, Service Number: 1, KPI: \'one_way_dv_avg\' ',1441788842,'2015-09-09 13:24:02'),(579,3,742,4,'SLA Violation: Node: \'G132-2550\', PAA Name: Cvas1-Cvas2-L2, Service Number: 1, KPI: \'two_way_delay_min\' ',1441788842,'2015-09-09 13:24:02'),(580,3,755,3,'SLA Violation: Node: \'G132-2550\', PAA Name: Cvas1-Cvas2-L3, Service Number: 2, KPI: \'one_way_dv_avg\' ',1441788842,'2015-09-09 13:24:02'),(581,3,756,4,'SLA Violation: Node: \'G132-2550\', PAA Name: Cvas1-Cvas2-L3, Service Number: 2, KPI: \'two_way_delay_min\' ',1441788842,'2015-09-09 13:24:02'),(582,3,1337,3,'SLA Violation: Node: \'G132-2590\', PAA Name: Cvas1-Cvas2-L2, Service Number: 1, KPI: \'one_way_dv_avg\' ',1441788842,'2015-09-09 13:24:02'),(583,3,1338,4,'SLA Violation: Node: \'G132-2590\', PAA Name: Cvas1-Cvas2-L2, Service Number: 1, KPI: \'two_way_delay_min\' ',1441788842,'2015-09-09 13:24:02'),(584,3,1351,3,'SLA Violation: Node: \'G132-2590\', PAA Name: Cvas1-Cvas2-L3, Service Number: 2, KPI: \'one_way_dv_avg\' ',1441788842,'2015-09-09 13:24:02'),(585,3,1352,4,'SLA Violation: Node: \'G132-2590\', PAA Name: Cvas1-Cvas2-L3, Service Number: 2, KPI: \'two_way_delay_min\' ',1441788842,'2015-09-09 13:24:02'),(586,3,755,3,'SLA Violation: Node: \'G132-2550\', PAA Name: Cvas1-Cvas2-L3, Service Number: 2, KPI: \'one_way_dv_avg\' ',1441788857,'2015-09-09 13:24:17'),(587,3,741,3,'SLA Violation: Node: \'G132-2550\', PAA Name: Cvas1-Cvas2-L2, Service Number: 1, KPI: \'one_way_dv_avg\' ',1441788857,'2015-09-09 13:24:17'),(588,3,742,4,'SLA Violation: Node: \'G132-2550\', PAA Name: Cvas1-Cvas2-L2, Service Number: 1, KPI: \'two_way_delay_min\' ',1441788857,'2015-09-09 13:24:17'),(589,3,1337,3,'SLA Violation: Node: \'G132-2590\', PAA Name: Cvas1-Cvas2-L2, Service Number: 1, KPI: \'one_way_dv_avg\' ',1441788857,'2015-09-09 13:24:17'),(590,3,756,4,'SLA Violation: Node: \'G132-2550\', PAA Name: Cvas1-Cvas2-L3, Service Number: 2, KPI: \'two_way_delay_min\' ',1441788857,'2015-09-09 13:24:17'),(591,3,1338,4,'SLA Violation: Node: \'G132-2590\', PAA Name: Cvas1-Cvas2-L2, Service Number: 1, KPI: \'two_way_delay_min\' ',1441788857,'2015-09-09 13:24:17'),(592,3,1351,3,'SLA Violation: Node: \'G132-2590\', PAA Name: Cvas1-Cvas2-L3, Service Number: 2, KPI: \'one_way_dv_avg\' ',1441788857,'2015-09-09 13:24:17'),(593,3,1352,4,'SLA Violation: Node: \'G132-2590\', PAA Name: Cvas1-Cvas2-L3, Service Number: 2, KPI: \'two_way_delay_min\' ',1441788857,'2015-09-09 13:24:17'),(594,3,741,3,'SLA Violation: Node: \'G132-2550\', PAA Name: Cvas1-Cvas2-L2, Service Number: 1, KPI: \'one_way_dv_avg\' ',1441788872,'2015-09-09 13:24:32'),(595,3,742,4,'SLA Violation: Node: \'G132-2550\', PAA Name: Cvas1-Cvas2-L2, Service Number: 1, KPI: \'two_way_delay_min\' ',1441788872,'2015-09-09 13:24:32'),(596,3,755,3,'SLA Violation: Node: \'G132-2550\', PAA Name: Cvas1-Cvas2-L3, Service Number: 2, KPI: \'one_way_dv_avg\' ',1441788872,'2015-09-09 13:24:32'),(597,3,756,4,'SLA Violation: Node: \'G132-2550\', PAA Name: Cvas1-Cvas2-L3, Service Number: 2, KPI: \'two_way_delay_min\' ',1441788872,'2015-09-09 13:24:32'),(598,3,1337,3,'SLA Violation: Node: \'G132-2590\', PAA Name: Cvas1-Cvas2-L2, Service Number: 1, KPI: \'one_way_dv_avg\' ',1441788872,'2015-09-09 13:24:32'),(599,3,1338,4,'SLA Violation: Node: \'G132-2590\', PAA Name: Cvas1-Cvas2-L2, Service Number: 1, KPI: \'two_way_delay_min\' ',1441788872,'2015-09-09 13:24:32'),(600,3,1351,3,'SLA Violation: Node: \'G132-2590\', PAA Name: Cvas1-Cvas2-L3, Service Number: 2, KPI: \'one_way_dv_avg\' ',1441788872,'2015-09-09 13:24:32'),(601,3,1352,4,'SLA Violation: Node: \'G132-2590\', PAA Name: Cvas1-Cvas2-L3, Service Number: 2, KPI: \'two_way_delay_min\' ',1441788872,'2015-09-09 13:24:32'),(602,2,3,1,'SNMP Request Time Out, Check Node Connectivity. Node IP: \'192.168.1.3\'. Node Serial: \'G132-2550\'.',1441788902330,'2015-09-09 13:25:02'),(603,2,6,1,'SNMP Request Time Out, Check Node Connectivity. Node IP: \'192.168.1.4\'. Node Serial: \'G132-2590\'.',1441788902382,'2015-09-09 13:25:02'),(604,2,3,1,'SNMP Request Time Out, Check Node Connectivity. Node IP: \'192.168.1.3\'. Node Serial: \'G132-2550\'.',1441788917329,'2015-09-09 13:25:17'),(605,2,6,1,'SNMP Request Time Out, Check Node Connectivity. Node IP: \'192.168.1.4\'. Node Serial: \'G132-2590\'.',1441788917440,'2015-09-09 13:25:17'),(606,2,3,1,'SNMP Request Time Out, Check Node Connectivity. Node IP: \'192.168.1.3\'. Node Serial: \'G132-2550\'.',1441788932329,'2015-09-09 13:25:32'),(607,2,6,1,'SNMP Request Time Out, Check Node Connectivity. Node IP: \'192.168.1.4\'. Node Serial: \'G132-2590\'.',1441788932370,'2015-09-09 13:25:32'),(608,2,3,1,'SNMP Request Time Out, Check Node Connectivity. Node IP: \'192.168.1.3\'. Node Serial: \'G132-2550\'.',1441788947329,'2015-09-09 13:25:47'),(609,2,6,1,'SNMP Request Time Out, Check Node Connectivity. Node IP: \'192.168.1.4\'. Node Serial: \'G132-2590\'.',1441788947429,'2015-09-09 13:25:47'),(610,2,3,1,'SNMP Request Time Out, Check Node Connectivity. Node IP: \'192.168.1.3\'. Node Serial: \'G132-2550\'.',1441788962330,'2015-09-09 13:26:02'),(611,2,6,1,'SNMP Request Time Out, Check Node Connectivity. Node IP: \'192.168.1.4\'. Node Serial: \'G132-2590\'.',1441788962369,'2015-09-09 13:26:02'),(612,2,3,1,'SNMP Request Time Out, Check Node Connectivity. Node IP: \'192.168.1.3\'. Node Serial: \'G132-2550\'.',1441788977329,'2015-09-09 13:26:17'),(613,2,6,1,'SNMP Request Time Out, Check Node Connectivity. Node IP: \'192.168.1.4\'. Node Serial: \'G132-2590\'.',1441788977427,'2015-09-09 13:26:17'),(614,2,3,1,'SNMP Request Time Out, Check Node Connectivity. Node IP: \'192.168.1.3\'. Node Serial: \'G132-2550\'.',1441788992330,'2015-09-09 13:26:32'),(615,2,6,1,'SNMP Request Time Out, Check Node Connectivity. Node IP: \'192.168.1.4\'. Node Serial: \'G132-2590\'.',1441788992377,'2015-09-09 13:26:32'),(616,2,3,1,'SNMP Request Time Out, Check Node Connectivity. Node IP: \'192.168.1.3\'. Node Serial: \'G132-2550\'.',1441789007328,'2015-09-09 13:26:47'),(617,2,6,1,'SNMP Request Time Out, Check Node Connectivity. Node IP: \'192.168.1.4\'. Node Serial: \'G132-2590\'.',1441789007446,'2015-09-09 13:26:47'),(618,2,3,1,'SNMP Request Time Out, Check Node Connectivity. Node IP: \'192.168.1.3\'. Node Serial: \'G132-2550\'.',1441789022330,'2015-09-09 13:27:02'),(619,2,6,1,'SNMP Request Time Out, Check Node Connectivity. Node IP: \'192.168.1.4\'. Node Serial: \'G132-2590\'.',1441789022376,'2015-09-09 13:27:02'),(620,2,3,1,'SNMP Request Time Out, Check Node Connectivity. Node IP: \'192.168.1.3\'. Node Serial: \'G132-2550\'.',1441789037329,'2015-09-09 13:27:17'),(621,2,6,1,'SNMP Request Time Out, Check Node Connectivity. Node IP: \'192.168.1.4\'. Node Serial: \'G132-2590\'.',1441789037437,'2015-09-09 13:27:17'),(622,2,3,1,'SNMP Request Time Out, Check Node Connectivity. Node IP: \'192.168.1.3\'. Node Serial: \'G132-2550\'.',1441789052328,'2015-09-09 13:27:32'),(623,2,6,1,'SNMP Request Time Out, Check Node Connectivity. Node IP: \'192.168.1.4\'. Node Serial: \'G132-2590\'.',1441789052383,'2015-09-09 13:27:32'),(624,2,6,1,'SNMP Request Time Out, Check Node Connectivity. Node IP: \'192.168.1.4\'. Node Serial: \'G132-2590\'.',1441789067328,'2015-09-09 13:27:47'),(625,2,3,1,'SNMP Request Time Out, Check Node Connectivity. Node IP: \'192.168.1.3\'. Node Serial: \'G132-2550\'.',1441789067432,'2015-09-09 13:27:47'),(626,2,3,1,'SNMP Request Time Out, Check Node Connectivity. Node IP: \'192.168.1.3\'. Node Serial: \'G132-2550\'.',1441789082330,'2015-09-09 13:28:02'),(627,2,6,1,'SNMP Request Time Out, Check Node Connectivity. Node IP: \'192.168.1.4\'. Node Serial: \'G132-2590\'.',1441789082370,'2015-09-09 13:28:02'),(628,2,3,1,'SNMP Request Time Out, Check Node Connectivity. Node IP: \'192.168.1.3\'. Node Serial: \'G132-2550\'.',1441789097329,'2015-09-09 13:28:17'),(629,2,6,1,'SNMP Request Time Out, Check Node Connectivity. Node IP: \'192.168.1.4\'. Node Serial: \'G132-2590\'.',1441789097439,'2015-09-09 13:28:17'),(630,2,3,1,'SNMP Request Time Out, Check Node Connectivity. Node IP: \'192.168.1.3\'. Node Serial: \'G132-2550\'.',1441789112328,'2015-09-09 13:28:32'),(631,2,6,1,'SNMP Request Time Out, Check Node Connectivity. Node IP: \'192.168.1.4\'. Node Serial: \'G132-2590\'.',1441789112390,'2015-09-09 13:28:32'),(632,2,3,1,'SNMP Request Time Out, Check Node Connectivity. Node IP: \'192.168.1.3\'. Node Serial: \'G132-2550\'.',1441789127330,'2015-09-09 13:28:47'),(633,2,6,1,'SNMP Request Time Out, Check Node Connectivity. Node IP: \'192.168.1.4\'. Node Serial: \'G132-2590\'.',1441789127415,'2015-09-09 13:28:47'),(634,2,3,1,'SNMP Request Time Out, Check Node Connectivity. Node IP: \'192.168.1.3\'. Node Serial: \'G132-2550\'.',1441789142330,'2015-09-09 13:29:02'),(635,2,6,1,'SNMP Request Time Out, Check Node Connectivity. Node IP: \'192.168.1.4\'. Node Serial: \'G132-2590\'.',1441789142398,'2015-09-09 13:29:02'),(636,2,3,1,'SNMP Request Time Out, Check Node Connectivity. Node IP: \'192.168.1.3\'. Node Serial: \'G132-2550\'.',1441789157329,'2015-09-09 13:29:17'),(637,2,6,1,'SNMP Request Time Out, Check Node Connectivity. Node IP: \'192.168.1.4\'. Node Serial: \'G132-2590\'.',1441789157389,'2015-09-09 13:29:17'),(638,2,3,1,'SNMP Request Time Out, Check Node Connectivity. Node IP: \'192.168.1.3\'. Node Serial: \'G132-2550\'.',1441789172329,'2015-09-09 13:29:32'),(639,2,6,1,'SNMP Request Time Out, Check Node Connectivity. Node IP: \'192.168.1.4\'. Node Serial: \'G132-2590\'.',1441789172374,'2015-09-09 13:29:32'),(640,2,3,1,'SNMP Request Time Out, Check Node Connectivity. Node IP: \'192.168.1.3\'. Node Serial: \'G132-2550\'.',1441789187328,'2015-09-09 13:29:47'),(641,2,6,1,'SNMP Request Time Out, Check Node Connectivity. Node IP: \'192.168.1.4\'. Node Serial: \'G132-2590\'.',1441789187453,'2015-09-09 13:29:47'),(642,2,3,1,'SNMP Request Time Out, Check Node Connectivity. Node IP: \'192.168.1.3\'. Node Serial: \'G132-2550\'.',1441789202329,'2015-09-09 13:30:02'),(643,2,6,1,'SNMP Request Time Out, Check Node Connectivity. Node IP: \'192.168.1.4\'. Node Serial: \'G132-2590\'.',1441789202373,'2015-09-09 13:30:02'),(644,2,3,1,'SNMP Request Time Out, Check Node Connectivity. Node IP: \'192.168.1.3\'. Node Serial: \'G132-2550\'.',1441789217328,'2015-09-09 13:30:17'),(645,2,6,1,'SNMP Request Time Out, Check Node Connectivity. Node IP: \'192.168.1.4\'. Node Serial: \'G132-2590\'.',1441789217433,'2015-09-09 13:30:17'),(646,2,3,1,'SNMP Request Time Out, Check Node Connectivity. Node IP: \'192.168.1.3\'. Node Serial: \'G132-2550\'.',1441789232329,'2015-09-09 13:30:32'),(647,2,6,1,'SNMP Request Time Out, Check Node Connectivity. Node IP: \'192.168.1.4\'. Node Serial: \'G132-2590\'.',1441789232380,'2015-09-09 13:30:32'),(648,2,3,1,'SNMP Request Time Out, Check Node Connectivity. Node IP: \'192.168.1.3\'. Node Serial: \'G132-2550\'.',1441789247331,'2015-09-09 13:30:47'),(649,2,6,1,'SNMP Request Time Out, Check Node Connectivity. Node IP: \'192.168.1.4\'. Node Serial: \'G132-2590\'.',1441789247426,'2015-09-09 13:30:47'),(650,2,3,1,'SNMP Request Time Out, Check Node Connectivity. Node IP: \'192.168.1.3\'. Node Serial: \'G132-2550\'.',1441789262329,'2015-09-09 13:31:02'),(651,2,6,1,'SNMP Request Time Out, Check Node Connectivity. Node IP: \'192.168.1.4\'. Node Serial: \'G132-2590\'.',1441789262378,'2015-09-09 13:31:02'),(652,2,3,1,'SNMP Request Time Out, Check Node Connectivity. Node IP: \'192.168.1.3\'. Node Serial: \'G132-2550\'.',1441789277328,'2015-09-09 13:31:17'),(653,2,6,1,'SNMP Request Time Out, Check Node Connectivity. Node IP: \'192.168.1.4\'. Node Serial: \'G132-2590\'.',1441789277434,'2015-09-09 13:31:17'),(654,2,3,1,'SNMP Request Time Out, Check Node Connectivity. Node IP: \'192.168.1.3\'. Node Serial: \'G132-2550\'.',1441789292329,'2015-09-09 13:31:32'),(655,2,6,1,'SNMP Request Time Out, Check Node Connectivity. Node IP: \'192.168.1.4\'. Node Serial: \'G132-2590\'.',1441789292372,'2015-09-09 13:31:32'),(656,2,3,1,'SNMP Request Time Out, Check Node Connectivity. Node IP: \'192.168.1.3\'. Node Serial: \'G132-2550\'.',1441789307330,'2015-09-09 13:31:47'),(657,2,6,1,'SNMP Request Time Out, Check Node Connectivity. Node IP: \'192.168.1.4\'. Node Serial: \'G132-2590\'.',1441789307418,'2015-09-09 13:31:47'),(658,2,3,1,'SNMP Request Time Out, Check Node Connectivity. Node IP: \'192.168.1.3\'. Node Serial: \'G132-2550\'.',1441789322329,'2015-09-09 13:32:02'),(659,2,6,1,'SNMP Request Time Out, Check Node Connectivity. Node IP: \'192.168.1.4\'. Node Serial: \'G132-2590\'.',1441789322392,'2015-09-09 13:32:02'),(660,2,3,1,'SNMP Request Time Out, Check Node Connectivity. Node IP: \'192.168.1.3\'. Node Serial: \'G132-2550\'.',1441789337331,'2015-09-09 13:32:17'),(661,2,6,1,'SNMP Request Time Out, Check Node Connectivity. Node IP: \'192.168.1.4\'. Node Serial: \'G132-2590\'.',1441789337383,'2015-09-09 13:32:17'),(662,2,3,1,'SNMP Request Time Out, Check Node Connectivity. Node IP: \'192.168.1.3\'. Node Serial: \'G132-2550\'.',1441789352332,'2015-09-09 13:32:32'),(663,2,6,1,'SNMP Request Time Out, Check Node Connectivity. Node IP: \'192.168.1.4\'. Node Serial: \'G132-2590\'.',1441789352377,'2015-09-09 13:32:32'),(664,2,3,1,'SNMP Request Time Out, Check Node Connectivity. Node IP: \'192.168.1.3\'. Node Serial: \'G132-2550\'.',1441789367330,'2015-09-09 13:32:47'),(665,2,6,1,'SNMP Request Time Out, Check Node Connectivity. Node IP: \'192.168.1.4\'. Node Serial: \'G132-2590\'.',1441789367413,'2015-09-09 13:32:47'),(666,2,3,1,'SNMP Request Time Out, Check Node Connectivity. Node IP: \'192.168.1.3\'. Node Serial: \'G132-2550\'.',1441789382329,'2015-09-09 13:33:02'),(667,2,6,1,'SNMP Request Time Out, Check Node Connectivity. Node IP: \'192.168.1.4\'. Node Serial: \'G132-2590\'.',1441789382394,'2015-09-09 13:33:02'),(668,2,3,1,'SNMP Request Time Out, Check Node Connectivity. Node IP: \'192.168.1.3\'. Node Serial: \'G132-2550\'.',1441789397330,'2015-09-09 13:33:17'),(669,2,6,1,'SNMP Request Time Out, Check Node Connectivity. Node IP: \'192.168.1.4\'. Node Serial: \'G132-2590\'.',1441789397419,'2015-09-09 13:33:17'),(670,2,3,1,'SNMP Request Time Out, Check Node Connectivity. Node IP: \'192.168.1.3\'. Node Serial: \'G132-2550\'.',1441789412329,'2015-09-09 13:33:32'),(671,2,6,1,'SNMP Request Time Out, Check Node Connectivity. Node IP: \'192.168.1.4\'. Node Serial: \'G132-2590\'.',1441789412368,'2015-09-09 13:33:32'),(672,2,3,1,'SNMP Request Time Out, Check Node Connectivity. Node IP: \'192.168.1.3\'. Node Serial: \'G132-2550\'.',1441789427331,'2015-09-09 13:33:47'),(673,2,6,1,'SNMP Request Time Out, Check Node Connectivity. Node IP: \'192.168.1.4\'. Node Serial: \'G132-2590\'.',1441789427460,'2015-09-09 13:33:47'),(674,2,3,1,'SNMP Request Time Out, Check Node Connectivity. Node IP: \'192.168.1.3\'. Node Serial: \'G132-2550\'.',1441789442328,'2015-09-09 13:34:02'),(675,2,6,1,'SNMP Request Time Out, Check Node Connectivity. Node IP: \'192.168.1.4\'. Node Serial: \'G132-2590\'.',1441789442365,'2015-09-09 13:34:02'),(676,2,3,1,'SNMP Request Time Out, Check Node Connectivity. Node IP: \'192.168.1.3\'. Node Serial: \'G132-2550\'.',1441789457329,'2015-09-09 13:34:17'),(677,2,6,1,'SNMP Request Time Out, Check Node Connectivity. Node IP: \'192.168.1.4\'. Node Serial: \'G132-2590\'.',1441789457411,'2015-09-09 13:34:17'),(678,2,3,1,'SNMP Request Time Out, Check Node Connectivity. Node IP: \'192.168.1.3\'. Node Serial: \'G132-2550\'.',1441789472329,'2015-09-09 13:34:32'),(679,2,6,1,'SNMP Request Time Out, Check Node Connectivity. Node IP: \'192.168.1.4\'. Node Serial: \'G132-2590\'.',1441789472383,'2015-09-09 13:34:32'),(680,2,3,1,'SNMP Request Time Out, Check Node Connectivity. Node IP: \'192.168.1.3\'. Node Serial: \'G132-2550\'.',1441789487330,'2015-09-09 13:34:47'),(681,2,6,1,'SNMP Request Time Out, Check Node Connectivity. Node IP: \'192.168.1.4\'. Node Serial: \'G132-2590\'.',1441789487440,'2015-09-09 13:34:47'),(682,2,3,1,'SNMP Request Time Out, Check Node Connectivity. Node IP: \'192.168.1.3\'. Node Serial: \'G132-2550\'.',1441789502330,'2015-09-09 13:35:02'),(683,2,6,1,'SNMP Request Time Out, Check Node Connectivity. Node IP: \'192.168.1.4\'. Node Serial: \'G132-2590\'.',1441789502379,'2015-09-09 13:35:02'),(684,2,3,1,'SNMP Request Time Out, Check Node Connectivity. Node IP: \'192.168.1.3\'. Node Serial: \'G132-2550\'.',1441789517331,'2015-09-09 13:35:17'),(685,2,6,1,'SNMP Request Time Out, Check Node Connectivity. Node IP: \'192.168.1.4\'. Node Serial: \'G132-2590\'.',1441789517414,'2015-09-09 13:35:17'),(686,2,3,1,'SNMP Request Time Out, Check Node Connectivity. Node IP: \'192.168.1.3\'. Node Serial: \'G132-2550\'.',1441789532329,'2015-09-09 13:35:32'),(687,2,6,1,'SNMP Request Time Out, Check Node Connectivity. Node IP: \'192.168.1.4\'. Node Serial: \'G132-2590\'.',1441789532387,'2015-09-09 13:35:32'),(688,2,3,1,'SNMP Request Time Out, Check Node Connectivity. Node IP: \'192.168.1.3\'. Node Serial: \'G132-2550\'.',1441789547328,'2015-09-09 13:35:47'),(689,2,6,1,'SNMP Request Time Out, Check Node Connectivity. Node IP: \'192.168.1.4\'. Node Serial: \'G132-2590\'.',1441789547420,'2015-09-09 13:35:47'),(690,2,3,1,'SNMP Request Time Out, Check Node Connectivity. Node IP: \'192.168.1.3\'. Node Serial: \'G132-2550\'.',1441789562330,'2015-09-09 13:36:02'),(691,2,6,1,'SNMP Request Time Out, Check Node Connectivity. Node IP: \'192.168.1.4\'. Node Serial: \'G132-2590\'.',1441789562372,'2015-09-09 13:36:02'),(692,2,3,1,'SNMP Request Time Out, Check Node Connectivity. Node IP: \'192.168.1.3\'. Node Serial: \'G132-2550\'.',1441789577328,'2015-09-09 13:36:17'),(693,2,6,1,'SNMP Request Time Out, Check Node Connectivity. Node IP: \'192.168.1.4\'. Node Serial: \'G132-2590\'.',1441789577395,'2015-09-09 13:36:17'),(694,2,3,1,'SNMP Request Time Out, Check Node Connectivity. Node IP: \'192.168.1.3\'. Node Serial: \'G132-2550\'.',1441789592329,'2015-09-09 13:36:32'),(695,2,6,1,'SNMP Request Time Out, Check Node Connectivity. Node IP: \'192.168.1.4\'. Node Serial: \'G132-2590\'.',1441789592369,'2015-09-09 13:36:32'),(696,2,3,1,'SNMP Request Time Out, Check Node Connectivity. Node IP: \'192.168.1.3\'. Node Serial: \'G132-2550\'.',1441789607329,'2015-09-09 13:36:47'),(697,2,6,1,'SNMP Request Time Out, Check Node Connectivity. Node IP: \'192.168.1.4\'. Node Serial: \'G132-2590\'.',1441789607414,'2015-09-09 13:36:47'),(698,2,3,1,'SNMP Request Time Out, Check Node Connectivity. Node IP: \'192.168.1.3\'. Node Serial: \'G132-2550\'.',1441789622331,'2015-09-09 13:37:02'),(699,2,6,1,'SNMP Request Time Out, Check Node Connectivity. Node IP: \'192.168.1.4\'. Node Serial: \'G132-2590\'.',1441789622375,'2015-09-09 13:37:02'),(700,2,3,1,'SNMP Request Time Out, Check Node Connectivity. Node IP: \'192.168.1.3\'. Node Serial: \'G132-2550\'.',1441789637328,'2015-09-09 13:37:17'),(701,2,6,1,'SNMP Request Time Out, Check Node Connectivity. Node IP: \'192.168.1.4\'. Node Serial: \'G132-2590\'.',1441789637400,'2015-09-09 13:37:17'),(702,2,3,1,'SNMP Request Time Out, Check Node Connectivity. Node IP: \'192.168.1.3\'. Node Serial: \'G132-2550\'.',1441789652329,'2015-09-09 13:37:32'),(703,2,6,1,'SNMP Request Time Out, Check Node Connectivity. Node IP: \'192.168.1.4\'. Node Serial: \'G132-2590\'.',1441789652383,'2015-09-09 13:37:32'),(704,2,3,1,'SNMP Request Time Out, Check Node Connectivity. Node IP: \'192.168.1.3\'. Node Serial: \'G132-2550\'.',1441789667330,'2015-09-09 13:37:47'),(705,2,6,1,'SNMP Request Time Out, Check Node Connectivity. Node IP: \'192.168.1.4\'. Node Serial: \'G132-2590\'.',1441789667461,'2015-09-09 13:37:47'),(706,2,3,1,'SNMP Request Time Out, Check Node Connectivity. Node IP: \'192.168.1.3\'. Node Serial: \'G132-2550\'.',1441789682329,'2015-09-09 13:38:02'),(707,2,6,1,'SNMP Request Time Out, Check Node Connectivity. Node IP: \'192.168.1.4\'. Node Serial: \'G132-2590\'.',1441789682367,'2015-09-09 13:38:02'),(708,2,3,1,'SNMP Request Time Out, Check Node Connectivity. Node IP: \'192.168.1.3\'. Node Serial: \'G132-2550\'.',1441789697328,'2015-09-09 13:38:17'),(709,2,6,1,'SNMP Request Time Out, Check Node Connectivity. Node IP: \'192.168.1.4\'. Node Serial: \'G132-2590\'.',1441789697425,'2015-09-09 13:38:17'),(710,2,3,1,'SNMP Request Time Out, Check Node Connectivity. Node IP: \'192.168.1.3\'. Node Serial: \'G132-2550\'.',1441789712328,'2015-09-09 13:38:32'),(711,2,6,1,'SNMP Request Time Out, Check Node Connectivity. Node IP: \'192.168.1.4\'. Node Serial: \'G132-2590\'.',1441789712384,'2015-09-09 13:38:32'),(712,2,3,1,'SNMP Request Time Out, Check Node Connectivity. Node IP: \'192.168.1.3\'. Node Serial: \'G132-2550\'.',1441789727329,'2015-09-09 13:38:47'),(713,2,6,1,'SNMP Request Time Out, Check Node Connectivity. Node IP: \'192.168.1.4\'. Node Serial: \'G132-2590\'.',1441789727376,'2015-09-09 13:38:47'),(714,2,3,1,'SNMP Request Time Out, Check Node Connectivity. Node IP: \'192.168.1.3\'. Node Serial: \'G132-2550\'.',1441789742330,'2015-09-09 13:39:02'),(715,2,6,1,'SNMP Request Time Out, Check Node Connectivity. Node IP: \'192.168.1.4\'. Node Serial: \'G132-2590\'.',1441789742403,'2015-09-09 13:39:02'),(716,2,3,1,'SNMP Request Time Out, Check Node Connectivity. Node IP: \'192.168.1.3\'. Node Serial: \'G132-2550\'.',1441789757327,'2015-09-09 13:39:17'),(717,2,6,1,'SNMP Request Time Out, Check Node Connectivity. Node IP: \'192.168.1.4\'. Node Serial: \'G132-2590\'.',1441789757402,'2015-09-09 13:39:17'),(718,2,3,1,'SNMP Request Time Out, Check Node Connectivity. Node IP: \'192.168.1.3\'. Node Serial: \'G132-2550\'.',1441789772329,'2015-09-09 13:39:32'),(719,2,6,1,'SNMP Request Time Out, Check Node Connectivity. Node IP: \'192.168.1.4\'. Node Serial: \'G132-2590\'.',1441789772396,'2015-09-09 13:39:32'),(720,2,3,1,'SNMP Request Time Out, Check Node Connectivity. Node IP: \'192.168.1.3\'. Node Serial: \'G132-2550\'.',1441789787328,'2015-09-09 13:39:47'),(721,2,6,1,'SNMP Request Time Out, Check Node Connectivity. Node IP: \'192.168.1.4\'. Node Serial: \'G132-2590\'.',1441789787641,'2015-09-09 13:39:47'),(722,2,3,1,'SNMP Request Time Out, Check Node Connectivity. Node IP: \'192.168.1.3\'. Node Serial: \'G132-2550\'.',1441789802329,'2015-09-09 13:40:02'),(723,2,6,1,'SNMP Request Time Out, Check Node Connectivity. Node IP: \'192.168.1.4\'. Node Serial: \'G132-2590\'.',1441789802369,'2015-09-09 13:40:02'),(724,2,6,1,'SNMP Request Time Out, Check Node Connectivity. Node IP: \'192.168.1.4\'. Node Serial: \'G132-2590\'.',1441789817330,'2015-09-09 13:40:17'),(725,2,3,1,'SNMP Request Time Out, Check Node Connectivity. Node IP: \'192.168.1.3\'. Node Serial: \'G132-2550\'.',1441789817452,'2015-09-09 13:40:17'),(726,2,3,1,'SNMP Request Time Out, Check Node Connectivity. Node IP: \'192.168.1.3\'. Node Serial: \'G132-2550\'.',1441789832330,'2015-09-09 13:40:32'),(727,2,6,1,'SNMP Request Time Out, Check Node Connectivity. Node IP: \'192.168.1.4\'. Node Serial: \'G132-2590\'.',1441789832389,'2015-09-09 13:40:32'),(728,2,3,1,'SNMP Request Time Out, Check Node Connectivity. Node IP: \'192.168.1.3\'. Node Serial: \'G132-2550\'.',1441789847329,'2015-09-09 13:40:47'),(729,2,6,1,'SNMP Request Time Out, Check Node Connectivity. Node IP: \'192.168.1.4\'. Node Serial: \'G132-2590\'.',1441789847413,'2015-09-09 13:40:47'),(730,2,3,1,'SNMP Request Time Out, Check Node Connectivity. Node IP: \'192.168.1.3\'. Node Serial: \'G132-2550\'.',1441789862330,'2015-09-09 13:41:02'),(731,2,6,1,'SNMP Request Time Out, Check Node Connectivity. Node IP: \'192.168.1.4\'. Node Serial: \'G132-2590\'.',1441789862376,'2015-09-09 13:41:02'),(732,2,3,1,'SNMP Request Time Out, Check Node Connectivity. Node IP: \'192.168.1.3\'. Node Serial: \'G132-2550\'.',1441789877328,'2015-09-09 13:41:17'),(733,2,6,1,'SNMP Request Time Out, Check Node Connectivity. Node IP: \'192.168.1.4\'. Node Serial: \'G132-2590\'.',1441789877386,'2015-09-09 13:41:17'),(734,2,3,1,'SNMP Request Time Out, Check Node Connectivity. Node IP: \'192.168.1.3\'. Node Serial: \'G132-2550\'.',1441789892330,'2015-09-09 13:41:32'),(735,2,6,1,'SNMP Request Time Out, Check Node Connectivity. Node IP: \'192.168.1.4\'. Node Serial: \'G132-2590\'.',1441789892369,'2015-09-09 13:41:32'),(736,2,3,1,'SNMP Request Time Out, Check Node Connectivity. Node IP: \'192.168.1.3\'. Node Serial: \'G132-2550\'.',1441789907330,'2015-09-09 13:41:47'),(737,2,6,1,'SNMP Request Time Out, Check Node Connectivity. Node IP: \'192.168.1.4\'. Node Serial: \'G132-2590\'.',1441789907426,'2015-09-09 13:41:47'),(738,2,3,1,'SNMP Request Time Out, Check Node Connectivity. Node IP: \'192.168.1.3\'. Node Serial: \'G132-2550\'.',1441789922330,'2015-09-09 13:42:02'),(739,2,6,1,'SNMP Request Time Out, Check Node Connectivity. Node IP: \'192.168.1.4\'. Node Serial: \'G132-2590\'.',1441789922376,'2015-09-09 13:42:02'),(740,2,3,1,'SNMP Request Time Out, Check Node Connectivity. Node IP: \'192.168.1.3\'. Node Serial: \'G132-2550\'.',1441789937327,'2015-09-09 13:42:17'),(741,2,6,1,'SNMP Request Time Out, Check Node Connectivity. Node IP: \'192.168.1.4\'. Node Serial: \'G132-2590\'.',1441789937463,'2015-09-09 13:42:17'),(742,2,3,1,'SNMP Request Time Out, Check Node Connectivity. Node IP: \'192.168.1.3\'. Node Serial: \'G132-2550\'.',1441789952329,'2015-09-09 13:42:32'),(743,2,6,1,'SNMP Request Time Out, Check Node Connectivity. Node IP: \'192.168.1.4\'. Node Serial: \'G132-2590\'.',1441789952371,'2015-09-09 13:42:32'),(744,2,3,1,'SNMP Request Time Out, Check Node Connectivity. Node IP: \'192.168.1.3\'. Node Serial: \'G132-2550\'.',1441789967328,'2015-09-09 13:42:47'),(745,2,6,1,'SNMP Request Time Out, Check Node Connectivity. Node IP: \'192.168.1.4\'. Node Serial: \'G132-2590\'.',1441789967427,'2015-09-09 13:42:47'),(746,2,3,1,'SNMP Request Time Out, Check Node Connectivity. Node IP: \'192.168.1.3\'. Node Serial: \'G132-2550\'.',1441789982330,'2015-09-09 13:43:02'),(747,2,6,1,'SNMP Request Time Out, Check Node Connectivity. Node IP: \'192.168.1.4\'. Node Serial: \'G132-2590\'.',1441789982377,'2015-09-09 13:43:02'),(748,2,3,1,'SNMP Request Time Out, Check Node Connectivity. Node IP: \'192.168.1.3\'. Node Serial: \'G132-2550\'.',1441789997329,'2015-09-09 13:43:17'),(749,2,6,1,'SNMP Request Time Out, Check Node Connectivity. Node IP: \'192.168.1.4\'. Node Serial: \'G132-2590\'.',1441789997378,'2015-09-09 13:43:17'),(750,2,3,1,'SNMP Request Time Out, Check Node Connectivity. Node IP: \'192.168.1.3\'. Node Serial: \'G132-2550\'.',1441790012330,'2015-09-09 13:43:32'),(751,2,6,1,'SNMP Request Time Out, Check Node Connectivity. Node IP: \'192.168.1.4\'. Node Serial: \'G132-2590\'.',1441790012384,'2015-09-09 13:43:32'),(752,2,3,1,'SNMP Request Time Out, Check Node Connectivity. Node IP: \'192.168.1.3\'. Node Serial: \'G132-2550\'.',1441790027329,'2015-09-09 13:43:47'),(753,2,6,1,'SNMP Request Time Out, Check Node Connectivity. Node IP: \'192.168.1.4\'. Node Serial: \'G132-2590\'.',1441790027429,'2015-09-09 13:43:47'),(754,2,3,1,'SNMP Request Time Out, Check Node Connectivity. Node IP: \'192.168.1.3\'. Node Serial: \'G132-2550\'.',1441790042328,'2015-09-09 13:44:02'),(755,2,6,1,'SNMP Request Time Out, Check Node Connectivity. Node IP: \'192.168.1.4\'. Node Serial: \'G132-2590\'.',1441790042367,'2015-09-09 13:44:02'),(756,2,3,1,'SNMP Request Time Out, Check Node Connectivity. Node IP: \'192.168.1.3\'. Node Serial: \'G132-2550\'.',1441790057329,'2015-09-09 13:44:17'),(757,2,6,1,'SNMP Request Time Out, Check Node Connectivity. Node IP: \'192.168.1.4\'. Node Serial: \'G132-2590\'.',1441790057413,'2015-09-09 13:44:17'),(758,2,3,1,'SNMP Request Time Out, Check Node Connectivity. Node IP: \'192.168.1.3\'. Node Serial: \'G132-2550\'.',1441790072329,'2015-09-09 13:44:32'),(759,2,6,1,'SNMP Request Time Out, Check Node Connectivity. Node IP: \'192.168.1.4\'. Node Serial: \'G132-2590\'.',1441790072373,'2015-09-09 13:44:32'),(760,2,3,1,'SNMP Request Time Out, Check Node Connectivity. Node IP: \'192.168.1.3\'. Node Serial: \'G132-2550\'.',1441790087329,'2015-09-09 13:44:47'),(761,2,6,1,'SNMP Request Time Out, Check Node Connectivity. Node IP: \'192.168.1.4\'. Node Serial: \'G132-2590\'.',1441790087452,'2015-09-09 13:44:47'),(762,2,6,1,'SNMP Request Time Out, Check Node Connectivity. Node IP: \'192.168.1.4\'. Node Serial: \'G132-2590\'.',1441790102330,'2015-09-09 13:45:02'),(763,2,3,1,'SNMP Request Time Out, Check Node Connectivity. Node IP: \'192.168.1.3\'. Node Serial: \'G132-2550\'.',1441790102369,'2015-09-09 13:45:02'),(764,2,3,1,'SNMP Request Time Out, Check Node Connectivity. Node IP: \'192.168.1.3\'. Node Serial: \'G132-2550\'.',1441790117329,'2015-09-09 13:45:17'),(765,2,6,1,'SNMP Request Time Out, Check Node Connectivity. Node IP: \'192.168.1.4\'. Node Serial: \'G132-2590\'.',1441790117415,'2015-09-09 13:45:17'),(766,2,3,1,'SNMP Request Time Out, Check Node Connectivity. Node IP: \'192.168.1.3\'. Node Serial: \'G132-2550\'.',1441790132329,'2015-09-09 13:45:32'),(767,2,6,1,'SNMP Request Time Out, Check Node Connectivity. Node IP: \'192.168.1.4\'. Node Serial: \'G132-2590\'.',1441790132396,'2015-09-09 13:45:32'),(768,2,3,1,'SNMP Request Time Out, Check Node Connectivity. Node IP: \'192.168.1.3\'. Node Serial: \'G132-2550\'.',1441790147329,'2015-09-09 13:45:47'),(769,2,6,1,'SNMP Request Time Out, Check Node Connectivity. Node IP: \'192.168.1.4\'. Node Serial: \'G132-2590\'.',1441790147432,'2015-09-09 13:45:47'),(770,2,3,1,'SNMP Request Time Out, Check Node Connectivity. Node IP: \'192.168.1.3\'. Node Serial: \'G132-2550\'.',1441790162329,'2015-09-09 13:46:02'),(771,2,6,1,'SNMP Request Time Out, Check Node Connectivity. Node IP: \'192.168.1.4\'. Node Serial: \'G132-2590\'.',1441790162371,'2015-09-09 13:46:02'),(772,2,3,1,'SNMP Request Time Out, Check Node Connectivity. Node IP: \'192.168.1.3\'. Node Serial: \'G132-2550\'.',1441790177328,'2015-09-09 13:46:17'),(773,2,6,1,'SNMP Request Time Out, Check Node Connectivity. Node IP: \'192.168.1.4\'. Node Serial: \'G132-2590\'.',1441790177405,'2015-09-09 13:46:17'),(774,2,3,1,'SNMP Request Time Out, Check Node Connectivity. Node IP: \'192.168.1.3\'. Node Serial: \'G132-2550\'.',1441790192330,'2015-09-09 13:46:32'),(775,2,6,1,'SNMP Request Time Out, Check Node Connectivity. Node IP: \'192.168.1.4\'. Node Serial: \'G132-2590\'.',1441790192389,'2015-09-09 13:46:32'),(776,2,3,1,'SNMP Request Time Out, Check Node Connectivity. Node IP: \'192.168.1.3\'. Node Serial: \'G132-2550\'.',1441790207329,'2015-09-09 13:46:47'),(777,2,6,1,'SNMP Request Time Out, Check Node Connectivity. Node IP: \'192.168.1.4\'. Node Serial: \'G132-2590\'.',1441790207443,'2015-09-09 13:46:47'),(778,2,6,1,'SNMP Request Time Out, Check Node Connectivity. Node IP: \'192.168.1.4\'. Node Serial: \'G132-2590\'.',1441790222330,'2015-09-09 13:47:02'),(779,2,3,1,'SNMP Request Time Out, Check Node Connectivity. Node IP: \'192.168.1.3\'. Node Serial: \'G132-2550\'.',1441790222371,'2015-09-09 13:47:02'),(780,2,3,1,'SNMP Request Time Out, Check Node Connectivity. Node IP: \'192.168.1.3\'. Node Serial: \'G132-2550\'.',1441790237328,'2015-09-09 13:47:17'),(781,2,6,1,'SNMP Request Time Out, Check Node Connectivity. Node IP: \'192.168.1.4\'. Node Serial: \'G132-2590\'.',1441790237406,'2015-09-09 13:47:17'),(782,2,3,1,'SNMP Request Time Out, Check Node Connectivity. Node IP: \'192.168.1.3\'. Node Serial: \'G132-2550\'.',1441790252329,'2015-09-09 13:47:32'),(783,2,6,1,'SNMP Request Time Out, Check Node Connectivity. Node IP: \'192.168.1.4\'. Node Serial: \'G132-2590\'.',1441790252378,'2015-09-09 13:47:32'),(784,2,3,1,'SNMP Request Time Out, Check Node Connectivity. Node IP: \'192.168.1.3\'. Node Serial: \'G132-2550\'.',1441790267331,'2015-09-09 13:47:47'),(785,2,6,1,'SNMP Request Time Out, Check Node Connectivity. Node IP: \'192.168.1.4\'. Node Serial: \'G132-2590\'.',1441790267412,'2015-09-09 13:47:47'),(786,2,3,1,'SNMP Request Time Out, Check Node Connectivity. Node IP: \'192.168.1.3\'. Node Serial: \'G132-2550\'.',1441790282329,'2015-09-09 13:48:02'),(787,2,6,1,'SNMP Request Time Out, Check Node Connectivity. Node IP: \'192.168.1.4\'. Node Serial: \'G132-2590\'.',1441790282374,'2015-09-09 13:48:02'),(788,2,3,1,'SNMP Request Time Out, Check Node Connectivity. Node IP: \'192.168.1.3\'. Node Serial: \'G132-2550\'.',1441790297327,'2015-09-09 13:48:17'),(789,2,6,1,'SNMP Request Time Out, Check Node Connectivity. Node IP: \'192.168.1.4\'. Node Serial: \'G132-2590\'.',1441790297397,'2015-09-09 13:48:17'),(790,2,3,1,'SNMP Request Time Out, Check Node Connectivity. Node IP: \'192.168.1.3\'. Node Serial: \'G132-2550\'.',1441790312329,'2015-09-09 13:48:32'),(791,2,6,1,'SNMP Request Time Out, Check Node Connectivity. Node IP: \'192.168.1.4\'. Node Serial: \'G132-2590\'.',1441790312369,'2015-09-09 13:48:32'),(792,2,3,1,'SNMP Request Time Out, Check Node Connectivity. Node IP: \'192.168.1.3\'. Node Serial: \'G132-2550\'.',1441790327330,'2015-09-09 13:48:47'),(793,2,6,1,'SNMP Request Time Out, Check Node Connectivity. Node IP: \'192.168.1.4\'. Node Serial: \'G132-2590\'.',1441790327414,'2015-09-09 13:48:47'),(794,2,6,1,'SNMP Request Time Out, Check Node Connectivity. Node IP: \'192.168.1.4\'. Node Serial: \'G132-2590\'.',1441790342330,'2015-09-09 13:49:02'),(795,2,3,1,'SNMP Request Time Out, Check Node Connectivity. Node IP: \'192.168.1.3\'. Node Serial: \'G132-2550\'.',1441790342376,'2015-09-09 13:49:02'),(796,2,3,1,'SNMP Request Time Out, Check Node Connectivity. Node IP: \'192.168.1.3\'. Node Serial: \'G132-2550\'.',1441790357329,'2015-09-09 13:49:17'),(797,2,6,1,'SNMP Request Time Out, Check Node Connectivity. Node IP: \'192.168.1.4\'. Node Serial: \'G132-2590\'.',1441790357399,'2015-09-09 13:49:17'),(798,2,3,1,'SNMP Request Time Out, Check Node Connectivity. Node IP: \'192.168.1.3\'. Node Serial: \'G132-2550\'.',1441790372327,'2015-09-09 13:49:32'),(799,2,6,1,'SNMP Request Time Out, Check Node Connectivity. Node IP: \'192.168.1.4\'. Node Serial: \'G132-2590\'.',1441790372369,'2015-09-09 13:49:32'),(800,2,3,1,'SNMP Request Time Out, Check Node Connectivity. Node IP: \'192.168.1.3\'. Node Serial: \'G132-2550\'.',1441790387329,'2015-09-09 13:49:47'),(801,2,6,1,'SNMP Request Time Out, Check Node Connectivity. Node IP: \'192.168.1.4\'. Node Serial: \'G132-2590\'.',1441790387427,'2015-09-09 13:49:47'),(802,2,3,1,'SNMP Request Time Out, Check Node Connectivity. Node IP: \'192.168.1.3\'. Node Serial: \'G132-2550\'.',1441790402329,'2015-09-09 13:50:02'),(803,2,6,1,'SNMP Request Time Out, Check Node Connectivity. Node IP: \'192.168.1.4\'. Node Serial: \'G132-2590\'.',1441790402377,'2015-09-09 13:50:02'),(804,2,3,1,'SNMP Request Time Out, Check Node Connectivity. Node IP: \'192.168.1.3\'. Node Serial: \'G132-2550\'.',1441790417330,'2015-09-09 13:50:17'),(805,2,6,1,'SNMP Request Time Out, Check Node Connectivity. Node IP: \'192.168.1.4\'. Node Serial: \'G132-2590\'.',1441790417413,'2015-09-09 13:50:17'),(806,2,3,1,'SNMP Request Time Out, Check Node Connectivity. Node IP: \'192.168.1.3\'. Node Serial: \'G132-2550\'.',1441790432329,'2015-09-09 13:50:32'),(807,2,6,1,'SNMP Request Time Out, Check Node Connectivity. Node IP: \'192.168.1.4\'. Node Serial: \'G132-2590\'.',1441790432396,'2015-09-09 13:50:32'),(808,2,3,1,'SNMP Request Time Out, Check Node Connectivity. Node IP: \'192.168.1.3\'. Node Serial: \'G132-2550\'.',1441790447328,'2015-09-09 13:50:47'),(809,2,6,1,'SNMP Request Time Out, Check Node Connectivity. Node IP: \'192.168.1.4\'. Node Serial: \'G132-2590\'.',1441790447431,'2015-09-09 13:50:47'),(810,2,3,1,'SNMP Request Time Out, Check Node Connectivity. Node IP: \'192.168.1.3\'. Node Serial: \'G132-2550\'.',1441790462329,'2015-09-09 13:51:02'),(811,2,6,1,'SNMP Request Time Out, Check Node Connectivity. Node IP: \'192.168.1.4\'. Node Serial: \'G132-2590\'.',1441790462368,'2015-09-09 13:51:02'),(812,2,3,1,'SNMP Request Time Out, Check Node Connectivity. Node IP: \'192.168.1.3\'. Node Serial: \'G132-2550\'.',1441790477328,'2015-09-09 13:51:17'),(813,2,6,1,'SNMP Request Time Out, Check Node Connectivity. Node IP: \'192.168.1.4\'. Node Serial: \'G132-2590\'.',1441790477414,'2015-09-09 13:51:17'),(814,2,3,1,'SNMP Request Time Out, Check Node Connectivity. Node IP: \'192.168.1.3\'. Node Serial: \'G132-2550\'.',1441790492331,'2015-09-09 13:51:32'),(815,2,6,1,'SNMP Request Time Out, Check Node Connectivity. Node IP: \'192.168.1.4\'. Node Serial: \'G132-2590\'.',1441790492396,'2015-09-09 13:51:32'),(816,2,3,1,'SNMP Request Time Out, Check Node Connectivity. Node IP: \'192.168.1.3\'. Node Serial: \'G132-2550\'.',1441790507329,'2015-09-09 13:51:47'),(817,2,6,1,'SNMP Request Time Out, Check Node Connectivity. Node IP: \'192.168.1.4\'. Node Serial: \'G132-2590\'.',1441790507433,'2015-09-09 13:51:47'),(818,2,3,1,'SNMP Request Time Out, Check Node Connectivity. Node IP: \'192.168.1.3\'. Node Serial: \'G132-2550\'.',1441790522329,'2015-09-09 13:52:02'),(819,2,6,1,'SNMP Request Time Out, Check Node Connectivity. Node IP: \'192.168.1.4\'. Node Serial: \'G132-2590\'.',1441790522371,'2015-09-09 13:52:02'),(820,2,3,1,'SNMP Request Time Out, Check Node Connectivity. Node IP: \'192.168.1.3\'. Node Serial: \'G132-2550\'.',1441790537329,'2015-09-09 13:52:17'),(821,2,6,1,'SNMP Request Time Out, Check Node Connectivity. Node IP: \'192.168.1.4\'. Node Serial: \'G132-2590\'.',1441790537428,'2015-09-09 13:52:17'),(822,2,3,1,'SNMP Request Time Out, Check Node Connectivity. Node IP: \'192.168.1.3\'. Node Serial: \'G132-2550\'.',1441790552330,'2015-09-09 13:52:32'),(823,2,6,1,'SNMP Request Time Out, Check Node Connectivity. Node IP: \'192.168.1.4\'. Node Serial: \'G132-2590\'.',1441790552390,'2015-09-09 13:52:32'),(824,2,3,1,'SNMP Request Time Out, Check Node Connectivity. Node IP: \'192.168.1.3\'. Node Serial: \'G132-2550\'.',1441790567328,'2015-09-09 13:52:47'),(825,2,6,1,'SNMP Request Time Out, Check Node Connectivity. Node IP: \'192.168.1.4\'. Node Serial: \'G132-2590\'.',1441790567424,'2015-09-09 13:52:47'),(826,2,3,1,'SNMP Request Time Out, Check Node Connectivity. Node IP: \'192.168.1.3\'. Node Serial: \'G132-2550\'.',1441790582330,'2015-09-09 13:53:02'),(827,2,6,1,'SNMP Request Time Out, Check Node Connectivity. Node IP: \'192.168.1.4\'. Node Serial: \'G132-2590\'.',1441790582374,'2015-09-09 13:53:02'),(828,2,3,1,'SNMP Request Time Out, Check Node Connectivity. Node IP: \'192.168.1.3\'. Node Serial: \'G132-2550\'.',1441790597329,'2015-09-09 13:53:17'),(829,2,6,1,'SNMP Request Time Out, Check Node Connectivity. Node IP: \'192.168.1.4\'. Node Serial: \'G132-2590\'.',1441790597397,'2015-09-09 13:53:17'),(830,2,3,1,'SNMP Request Time Out, Check Node Connectivity. Node IP: \'192.168.1.3\'. Node Serial: \'G132-2550\'.',1441790612329,'2015-09-09 13:53:32'),(831,2,6,1,'SNMP Request Time Out, Check Node Connectivity. Node IP: \'192.168.1.4\'. Node Serial: \'G132-2590\'.',1441790612370,'2015-09-09 13:53:32'),(832,2,6,1,'SNMP Request Time Out, Check Node Connectivity. Node IP: \'192.168.1.4\'. Node Serial: \'G132-2590\'.',1441790627330,'2015-09-09 13:53:47'),(833,2,3,1,'SNMP Request Time Out, Check Node Connectivity. Node IP: \'192.168.1.3\'. Node Serial: \'G132-2550\'.',1441790627416,'2015-09-09 13:53:47'),(834,2,3,1,'SNMP Request Time Out, Check Node Connectivity. Node IP: \'192.168.1.3\'. Node Serial: \'G132-2550\'.',1441790642328,'2015-09-09 13:54:02'),(835,2,6,1,'SNMP Request Time Out, Check Node Connectivity. Node IP: \'192.168.1.4\'. Node Serial: \'G132-2590\'.',1441790642376,'2015-09-09 13:54:02'),(836,2,3,1,'SNMP Request Time Out, Check Node Connectivity. Node IP: \'192.168.1.3\'. Node Serial: \'G132-2550\'.',1441790657328,'2015-09-09 13:54:17'),(837,2,6,1,'SNMP Request Time Out, Check Node Connectivity. Node IP: \'192.168.1.4\'. Node Serial: \'G132-2590\'.',1441790657387,'2015-09-09 13:54:17'),(838,2,3,1,'SNMP Request Time Out, Check Node Connectivity. Node IP: \'192.168.1.3\'. Node Serial: \'G132-2550\'.',1441790672329,'2015-09-09 13:54:32'),(839,2,6,1,'SNMP Request Time Out, Check Node Connectivity. Node IP: \'192.168.1.4\'. Node Serial: \'G132-2590\'.',1441790672371,'2015-09-09 13:54:32'),(840,2,3,1,'SNMP Request Time Out, Check Node Connectivity. Node IP: \'192.168.1.3\'. Node Serial: \'G132-2550\'.',1441790687328,'2015-09-09 13:54:47'),(841,2,6,1,'SNMP Request Time Out, Check Node Connectivity. Node IP: \'192.168.1.4\'. Node Serial: \'G132-2590\'.',1441790687428,'2015-09-09 13:54:47'),(842,2,3,1,'SNMP Request Time Out, Check Node Connectivity. Node IP: \'192.168.1.3\'. Node Serial: \'G132-2550\'.',1441790702329,'2015-09-09 13:55:02'),(843,2,6,1,'SNMP Request Time Out, Check Node Connectivity. Node IP: \'192.168.1.4\'. Node Serial: \'G132-2590\'.',1441790702376,'2015-09-09 13:55:02'),(844,2,3,1,'SNMP Request Time Out, Check Node Connectivity. Node IP: \'192.168.1.3\'. Node Serial: \'G132-2550\'.',1441790717329,'2015-09-09 13:55:17'),(845,2,6,1,'SNMP Request Time Out, Check Node Connectivity. Node IP: \'192.168.1.4\'. Node Serial: \'G132-2590\'.',1441790717388,'2015-09-09 13:55:17'),(846,2,3,1,'SNMP Request Time Out, Check Node Connectivity. Node IP: \'192.168.1.3\'. Node Serial: \'G132-2550\'.',1441790732329,'2015-09-09 13:55:32'),(847,2,6,1,'SNMP Request Time Out, Check Node Connectivity. Node IP: \'192.168.1.4\'. Node Serial: \'G132-2590\'.',1441790732372,'2015-09-09 13:55:32'),(848,2,3,1,'SNMP Request Time Out, Check Node Connectivity. Node IP: \'192.168.1.3\'. Node Serial: \'G132-2550\'.',1441790747329,'2015-09-09 13:55:47'),(849,2,6,1,'SNMP Request Time Out, Check Node Connectivity. Node IP: \'192.168.1.4\'. Node Serial: \'G132-2590\'.',1441790747439,'2015-09-09 13:55:47'),(850,2,3,1,'SNMP Request Time Out, Check Node Connectivity. Node IP: \'192.168.1.3\'. Node Serial: \'G132-2550\'.',1441790762329,'2015-09-09 13:56:02'),(851,2,6,1,'SNMP Request Time Out, Check Node Connectivity. Node IP: \'192.168.1.4\'. Node Serial: \'G132-2590\'.',1441790762378,'2015-09-09 13:56:02'),(852,2,3,1,'SNMP Request Time Out, Check Node Connectivity. Node IP: \'192.168.1.3\'. Node Serial: \'G132-2550\'.',1441790777331,'2015-09-09 13:56:17'),(853,2,6,1,'SNMP Request Time Out, Check Node Connectivity. Node IP: \'192.168.1.4\'. Node Serial: \'G132-2590\'.',1441790777423,'2015-09-09 13:56:17'),(854,2,3,1,'SNMP Request Time Out, Check Node Connectivity. Node IP: \'192.168.1.3\'. Node Serial: \'G132-2550\'.',1441790792330,'2015-09-09 13:56:32'),(855,2,6,1,'SNMP Request Time Out, Check Node Connectivity. Node IP: \'192.168.1.4\'. Node Serial: \'G132-2590\'.',1441790792384,'2015-09-09 13:56:32'),(856,2,3,1,'SNMP Request Time Out, Check Node Connectivity. Node IP: \'192.168.1.3\'. Node Serial: \'G132-2550\'.',1441790807329,'2015-09-09 13:56:47'),(857,2,6,1,'SNMP Request Time Out, Check Node Connectivity. Node IP: \'192.168.1.4\'. Node Serial: \'G132-2590\'.',1441790807429,'2015-09-09 13:56:47'),(858,2,3,1,'SNMP Request Time Out, Check Node Connectivity. Node IP: \'192.168.1.3\'. Node Serial: \'G132-2550\'.',1441790822330,'2015-09-09 13:57:02'),(859,2,6,1,'SNMP Request Time Out, Check Node Connectivity. Node IP: \'192.168.1.4\'. Node Serial: \'G132-2590\'.',1441790822378,'2015-09-09 13:57:02'),(860,2,3,1,'SNMP Request Time Out, Check Node Connectivity. Node IP: \'192.168.1.3\'. Node Serial: \'G132-2550\'.',1441790837329,'2015-09-09 13:57:17'),(861,2,6,1,'SNMP Request Time Out, Check Node Connectivity. Node IP: \'192.168.1.4\'. Node Serial: \'G132-2590\'.',1441790837440,'2015-09-09 13:57:17'),(862,2,3,1,'SNMP Request Time Out, Check Node Connectivity. Node IP: \'192.168.1.3\'. Node Serial: \'G132-2550\'.',1441790852329,'2015-09-09 13:57:32'),(863,2,6,1,'SNMP Request Time Out, Check Node Connectivity. Node IP: \'192.168.1.4\'. Node Serial: \'G132-2590\'.',1441790852389,'2015-09-09 13:57:32'),(864,2,3,1,'SNMP Request Time Out, Check Node Connectivity. Node IP: \'192.168.1.3\'. Node Serial: \'G132-2550\'.',1441790867329,'2015-09-09 13:57:47'),(865,2,6,1,'SNMP Request Time Out, Check Node Connectivity. Node IP: \'192.168.1.4\'. Node Serial: \'G132-2590\'.',1441790867412,'2015-09-09 13:57:47'),(866,2,3,1,'SNMP Request Time Out, Check Node Connectivity. Node IP: \'192.168.1.3\'. Node Serial: \'G132-2550\'.',1441790882329,'2015-09-09 13:58:02'),(867,2,6,1,'SNMP Request Time Out, Check Node Connectivity. Node IP: \'192.168.1.4\'. Node Serial: \'G132-2590\'.',1441790882372,'2015-09-09 13:58:02'),(868,2,3,1,'SNMP Request Time Out, Check Node Connectivity. Node IP: \'192.168.1.3\'. Node Serial: \'G132-2550\'.',1441790897330,'2015-09-09 13:58:17'),(869,2,6,1,'SNMP Request Time Out, Check Node Connectivity. Node IP: \'192.168.1.4\'. Node Serial: \'G132-2590\'.',1441790897397,'2015-09-09 13:58:17'),(870,2,3,1,'SNMP Request Time Out, Check Node Connectivity. Node IP: \'192.168.1.3\'. Node Serial: \'G132-2550\'.',1441790912329,'2015-09-09 13:58:32'),(871,2,6,1,'SNMP Request Time Out, Check Node Connectivity. Node IP: \'192.168.1.4\'. Node Serial: \'G132-2590\'.',1441790912368,'2015-09-09 13:58:32'),(872,2,3,1,'SNMP Request Time Out, Check Node Connectivity. Node IP: \'192.168.1.3\'. Node Serial: \'G132-2550\'.',1441790927330,'2015-09-09 13:58:47'),(873,2,6,1,'SNMP Request Time Out, Check Node Connectivity. Node IP: \'192.168.1.4\'. Node Serial: \'G132-2590\'.',1441790927425,'2015-09-09 13:58:47'),(874,2,3,1,'SNMP Request Time Out, Check Node Connectivity. Node IP: \'192.168.1.3\'. Node Serial: \'G132-2550\'.',1441790942328,'2015-09-09 13:59:02'),(875,2,6,1,'SNMP Request Time Out, Check Node Connectivity. Node IP: \'192.168.1.4\'. Node Serial: \'G132-2590\'.',1441790942374,'2015-09-09 13:59:02'),(876,2,3,1,'SNMP Request Time Out, Check Node Connectivity. Node IP: \'192.168.1.3\'. Node Serial: \'G132-2550\'.',1441790957329,'2015-09-09 13:59:17'),(877,2,6,1,'SNMP Request Time Out, Check Node Connectivity. Node IP: \'192.168.1.4\'. Node Serial: \'G132-2590\'.',1441790957388,'2015-09-09 13:59:17'),(878,2,6,1,'SNMP Request Time Out, Check Node Connectivity. Node IP: \'192.168.1.4\'. Node Serial: \'G132-2590\'.',1441790972330,'2015-09-09 13:59:32'),(879,2,3,1,'SNMP Request Time Out, Check Node Connectivity. Node IP: \'192.168.1.3\'. Node Serial: \'G132-2550\'.',1441790972381,'2015-09-09 13:59:32'),(880,2,3,1,'SNMP Request Time Out, Check Node Connectivity. Node IP: \'192.168.1.3\'. Node Serial: \'G132-2550\'.',1441790987328,'2015-09-09 13:59:47'),(881,2,6,1,'SNMP Request Time Out, Check Node Connectivity. Node IP: \'192.168.1.4\'. Node Serial: \'G132-2590\'.',1441790987427,'2015-09-09 13:59:47'),(882,2,3,1,'SNMP Request Time Out, Check Node Connectivity. Node IP: \'192.168.1.3\'. Node Serial: \'G132-2550\'.',1441791002329,'2015-09-09 14:00:02'),(883,2,6,1,'SNMP Request Time Out, Check Node Connectivity. Node IP: \'192.168.1.4\'. Node Serial: \'G132-2590\'.',1441791002377,'2015-09-09 14:00:02'),(884,2,3,1,'SNMP Request Time Out, Check Node Connectivity. Node IP: \'192.168.1.3\'. Node Serial: \'G132-2550\'.',1441791017329,'2015-09-09 14:00:17'),(885,2,6,1,'SNMP Request Time Out, Check Node Connectivity. Node IP: \'192.168.1.4\'. Node Serial: \'G132-2590\'.',1441791017415,'2015-09-09 14:00:17'),(886,2,3,1,'SNMP Request Time Out, Check Node Connectivity. Node IP: \'192.168.1.3\'. Node Serial: \'G132-2550\'.',1441791032329,'2015-09-09 14:00:32'),(887,2,6,1,'SNMP Request Time Out, Check Node Connectivity. Node IP: \'192.168.1.4\'. Node Serial: \'G132-2590\'.',1441791032373,'2015-09-09 14:00:32'),(888,2,3,1,'SNMP Request Time Out, Check Node Connectivity. Node IP: \'192.168.1.3\'. Node Serial: \'G132-2550\'.',1441791047329,'2015-09-09 14:00:47'),(889,2,6,1,'SNMP Request Time Out, Check Node Connectivity. Node IP: \'192.168.1.4\'. Node Serial: \'G132-2590\'.',1441791047453,'2015-09-09 14:00:47'),(890,2,3,1,'SNMP Request Time Out, Check Node Connectivity. Node IP: \'192.168.1.3\'. Node Serial: \'G132-2550\'.',1441791062329,'2015-09-09 14:01:02'),(891,2,6,1,'SNMP Request Time Out, Check Node Connectivity. Node IP: \'192.168.1.4\'. Node Serial: \'G132-2590\'.',1441791062370,'2015-09-09 14:01:02'),(892,2,3,1,'SNMP Request Time Out, Check Node Connectivity. Node IP: \'192.168.1.3\'. Node Serial: \'G132-2550\'.',1441791077330,'2015-09-09 14:01:17'),(893,2,6,1,'SNMP Request Time Out, Check Node Connectivity. Node IP: \'192.168.1.4\'. Node Serial: \'G132-2590\'.',1441791077416,'2015-09-09 14:01:17'),(894,2,3,1,'SNMP Request Time Out, Check Node Connectivity. Node IP: \'192.168.1.3\'. Node Serial: \'G132-2550\'.',1441791092328,'2015-09-09 14:01:32'),(895,2,6,1,'SNMP Request Time Out, Check Node Connectivity. Node IP: \'192.168.1.4\'. Node Serial: \'G132-2590\'.',1441791092387,'2015-09-09 14:01:32'),(896,2,3,1,'SNMP Request Time Out, Check Node Connectivity. Node IP: \'192.168.1.3\'. Node Serial: \'G132-2550\'.',1441791107329,'2015-09-09 14:01:47'),(897,2,6,1,'SNMP Request Time Out, Check Node Connectivity. Node IP: \'192.168.1.4\'. Node Serial: \'G132-2590\'.',1441791107423,'2015-09-09 14:01:47'),(898,2,3,1,'SNMP Request Time Out, Check Node Connectivity. Node IP: \'192.168.1.3\'. Node Serial: \'G132-2550\'.',1441791122329,'2015-09-09 14:02:02'),(899,2,6,1,'SNMP Request Time Out, Check Node Connectivity. Node IP: \'192.168.1.4\'. Node Serial: \'G132-2590\'.',1441791122374,'2015-09-09 14:02:02'),(900,2,3,1,'SNMP Request Time Out, Check Node Connectivity. Node IP: \'192.168.1.3\'. Node Serial: \'G132-2550\'.',1441791137329,'2015-09-09 14:02:17'),(901,2,6,1,'SNMP Request Time Out, Check Node Connectivity. Node IP: \'192.168.1.4\'. Node Serial: \'G132-2590\'.',1441791137464,'2015-09-09 14:02:17'),(902,2,3,1,'SNMP Request Time Out, Check Node Connectivity. Node IP: \'192.168.1.3\'. Node Serial: \'G132-2550\'.',1441791152329,'2015-09-09 14:02:32'),(903,2,6,1,'SNMP Request Time Out, Check Node Connectivity. Node IP: \'192.168.1.4\'. Node Serial: \'G132-2590\'.',1441791152370,'2015-09-09 14:02:32'),(904,2,6,1,'SNMP Request Time Out, Check Node Connectivity. Node IP: \'192.168.1.4\'. Node Serial: \'G132-2590\'.',1441791167330,'2015-09-09 14:02:47'),(905,2,3,1,'SNMP Request Time Out, Check Node Connectivity. Node IP: \'192.168.1.3\'. Node Serial: \'G132-2550\'.',1441791167426,'2015-09-09 14:02:47'),(906,2,3,1,'SNMP Request Time Out, Check Node Connectivity. Node IP: \'192.168.1.3\'. Node Serial: \'G132-2550\'.',1441791182329,'2015-09-09 14:03:02'),(907,2,6,1,'SNMP Request Time Out, Check Node Connectivity. Node IP: \'192.168.1.4\'. Node Serial: \'G132-2590\'.',1441791182376,'2015-09-09 14:03:02'),(908,2,3,1,'SNMP Request Time Out, Check Node Connectivity. Node IP: \'192.168.1.3\'. Node Serial: \'G132-2550\'.',1441791197328,'2015-09-09 14:03:17'),(909,2,6,1,'SNMP Request Time Out, Check Node Connectivity. Node IP: \'192.168.1.4\'. Node Serial: \'G132-2590\'.',1441791197432,'2015-09-09 14:03:17'),(910,2,3,1,'SNMP Request Time Out, Check Node Connectivity. Node IP: \'192.168.1.3\'. Node Serial: \'G132-2550\'.',1441791212328,'2015-09-09 14:03:32'),(911,2,6,1,'SNMP Request Time Out, Check Node Connectivity. Node IP: \'192.168.1.4\'. Node Serial: \'G132-2590\'.',1441791212384,'2015-09-09 14:03:32'),(912,2,3,1,'SNMP Request Time Out, Check Node Connectivity. Node IP: \'192.168.1.3\'. Node Serial: \'G132-2550\'.',1441791227329,'2015-09-09 14:03:47'),(913,2,6,1,'SNMP Request Time Out, Check Node Connectivity. Node IP: \'192.168.1.4\'. Node Serial: \'G132-2590\'.',1441791227451,'2015-09-09 14:03:47'),(914,2,3,1,'SNMP Request Time Out, Check Node Connectivity. Node IP: \'192.168.1.3\'. Node Serial: \'G132-2550\'.',1441791242331,'2015-09-09 14:04:02'),(915,2,6,1,'SNMP Request Time Out, Check Node Connectivity. Node IP: \'192.168.1.4\'. Node Serial: \'G132-2590\'.',1441791242390,'2015-09-09 14:04:02'),(916,2,3,1,'SNMP Request Time Out, Check Node Connectivity. Node IP: \'192.168.1.3\'. Node Serial: \'G132-2550\'.',1441791257330,'2015-09-09 14:04:17'),(917,2,6,1,'SNMP Request Time Out, Check Node Connectivity. Node IP: \'192.168.1.4\'. Node Serial: \'G132-2590\'.',1441791257413,'2015-09-09 14:04:17'),(918,2,3,1,'SNMP Request Time Out, Check Node Connectivity. Node IP: \'192.168.1.3\'. Node Serial: \'G132-2550\'.',1441791272329,'2015-09-09 14:04:32'),(919,2,6,1,'SNMP Request Time Out, Check Node Connectivity. Node IP: \'192.168.1.4\'. Node Serial: \'G132-2590\'.',1441791272385,'2015-09-09 14:04:32'),(920,2,3,1,'SNMP Request Time Out, Check Node Connectivity. Node IP: \'192.168.1.3\'. Node Serial: \'G132-2550\'.',1441791287329,'2015-09-09 14:04:47'),(921,2,6,1,'SNMP Request Time Out, Check Node Connectivity. Node IP: \'192.168.1.4\'. Node Serial: \'G132-2590\'.',1441791287441,'2015-09-09 14:04:47'),(922,2,3,1,'SNMP Request Time Out, Check Node Connectivity. Node IP: \'192.168.1.3\'. Node Serial: \'G132-2550\'.',1441791302329,'2015-09-09 14:05:02'),(923,2,6,1,'SNMP Request Time Out, Check Node Connectivity. Node IP: \'192.168.1.4\'. Node Serial: \'G132-2590\'.',1441791302379,'2015-09-09 14:05:02'),(924,2,3,1,'SNMP Request Time Out, Check Node Connectivity. Node IP: \'192.168.1.3\'. Node Serial: \'G132-2550\'.',1441791317329,'2015-09-09 14:05:17'),(925,2,6,1,'SNMP Request Time Out, Check Node Connectivity. Node IP: \'192.168.1.4\'. Node Serial: \'G132-2590\'.',1441791317381,'2015-09-09 14:05:17'),(926,2,3,1,'SNMP Request Time Out, Check Node Connectivity. Node IP: \'192.168.1.3\'. Node Serial: \'G132-2550\'.',1441791332328,'2015-09-09 14:05:32'),(927,2,6,1,'SNMP Request Time Out, Check Node Connectivity. Node IP: \'192.168.1.4\'. Node Serial: \'G132-2590\'.',1441791332387,'2015-09-09 14:05:32'),(928,2,3,1,'SNMP Request Time Out, Check Node Connectivity. Node IP: \'192.168.1.3\'. Node Serial: \'G132-2550\'.',1441791347329,'2015-09-09 14:05:47'),(929,2,6,1,'SNMP Request Time Out, Check Node Connectivity. Node IP: \'192.168.1.4\'. Node Serial: \'G132-2590\'.',1441791347444,'2015-09-09 14:05:47'),(930,2,3,1,'SNMP Request Time Out, Check Node Connectivity. Node IP: \'192.168.1.3\'. Node Serial: \'G132-2550\'.',1441791362329,'2015-09-09 14:06:02'),(931,2,6,1,'SNMP Request Time Out, Check Node Connectivity. Node IP: \'192.168.1.4\'. Node Serial: \'G132-2590\'.',1441791362371,'2015-09-09 14:06:02'),(932,2,3,1,'SNMP Request Time Out, Check Node Connectivity. Node IP: \'192.168.1.3\'. Node Serial: \'G132-2550\'.',1441791377328,'2015-09-09 14:06:17'),(933,2,6,1,'SNMP Request Time Out, Check Node Connectivity. Node IP: \'192.168.1.4\'. Node Serial: \'G132-2590\'.',1441791377419,'2015-09-09 14:06:17'),(934,2,3,1,'SNMP Request Time Out, Check Node Connectivity. Node IP: \'192.168.1.3\'. Node Serial: \'G132-2550\'.',1441791392329,'2015-09-09 14:06:32'),(935,2,6,1,'SNMP Request Time Out, Check Node Connectivity. Node IP: \'192.168.1.4\'. Node Serial: \'G132-2590\'.',1441791392389,'2015-09-09 14:06:32'),(936,2,3,1,'SNMP Request Time Out, Check Node Connectivity. Node IP: \'192.168.1.3\'. Node Serial: \'G132-2550\'.',1441791407330,'2015-09-09 14:06:47'),(937,2,6,1,'SNMP Request Time Out, Check Node Connectivity. Node IP: \'192.168.1.4\'. Node Serial: \'G132-2590\'.',1441791407412,'2015-09-09 14:06:47'),(938,2,3,1,'SNMP Request Time Out, Check Node Connectivity. Node IP: \'192.168.1.3\'. Node Serial: \'G132-2550\'.',1441791422329,'2015-09-09 14:07:02'),(939,2,6,1,'SNMP Request Time Out, Check Node Connectivity. Node IP: \'192.168.1.4\'. Node Serial: \'G132-2590\'.',1441791422385,'2015-09-09 14:07:02'),(940,2,3,1,'SNMP Request Time Out, Check Node Connectivity. Node IP: \'192.168.1.3\'. Node Serial: \'G132-2550\'.',1441791437330,'2015-09-09 14:07:17'),(941,2,6,1,'SNMP Request Time Out, Check Node Connectivity. Node IP: \'192.168.1.4\'. Node Serial: \'G132-2590\'.',1441791437399,'2015-09-09 14:07:17'),(942,2,3,1,'SNMP Request Time Out, Check Node Connectivity. Node IP: \'192.168.1.3\'. Node Serial: \'G132-2550\'.',1441791452328,'2015-09-09 14:07:32'),(943,2,6,1,'SNMP Request Time Out, Check Node Connectivity. Node IP: \'192.168.1.4\'. Node Serial: \'G132-2590\'.',1441791452371,'2015-09-09 14:07:32'),(944,2,3,1,'SNMP Request Time Out, Check Node Connectivity. Node IP: \'192.168.1.3\'. Node Serial: \'G132-2550\'.',1441791467329,'2015-09-09 14:07:47'),(945,2,6,1,'SNMP Request Time Out, Check Node Connectivity. Node IP: \'192.168.1.4\'. Node Serial: \'G132-2590\'.',1441791467429,'2015-09-09 14:07:47'),(946,2,3,1,'SNMP Request Time Out, Check Node Connectivity. Node IP: \'192.168.1.3\'. Node Serial: \'G132-2550\'.',1441791482329,'2015-09-09 14:08:02'),(947,2,6,1,'SNMP Request Time Out, Check Node Connectivity. Node IP: \'192.168.1.4\'. Node Serial: \'G132-2590\'.',1441791482390,'2015-09-09 14:08:02'),(948,2,3,1,'SNMP Request Time Out, Check Node Connectivity. Node IP: \'192.168.1.3\'. Node Serial: \'G132-2550\'.',1441791497328,'2015-09-09 14:08:17'),(949,2,6,1,'SNMP Request Time Out, Check Node Connectivity. Node IP: \'192.168.1.4\'. Node Serial: \'G132-2590\'.',1441791497379,'2015-09-09 14:08:17'),(950,2,3,1,'SNMP Request Time Out, Check Node Connectivity. Node IP: \'192.168.1.3\'. Node Serial: \'G132-2550\'.',1441791512329,'2015-09-09 14:08:32'),(951,2,6,1,'SNMP Request Time Out, Check Node Connectivity. Node IP: \'192.168.1.4\'. Node Serial: \'G132-2590\'.',1441791512384,'2015-09-09 14:08:32'),(952,2,3,1,'SNMP Request Time Out, Check Node Connectivity. Node IP: \'192.168.1.3\'. Node Serial: \'G132-2550\'.',1441791527329,'2015-09-09 14:08:47'),(953,2,6,1,'SNMP Request Time Out, Check Node Connectivity. Node IP: \'192.168.1.4\'. Node Serial: \'G132-2590\'.',1441791527441,'2015-09-09 14:08:47'),(954,2,3,1,'SNMP Request Time Out, Check Node Connectivity. Node IP: \'192.168.1.3\'. Node Serial: \'G132-2550\'.',1441791542328,'2015-09-09 14:09:02'),(955,2,6,1,'SNMP Request Time Out, Check Node Connectivity. Node IP: \'192.168.1.4\'. Node Serial: \'G132-2590\'.',1441791542381,'2015-09-09 14:09:02'),(956,2,3,1,'SNMP Request Time Out, Check Node Connectivity. Node IP: \'192.168.1.3\'. Node Serial: \'G132-2550\'.',1441791557328,'2015-09-09 14:09:17'),(957,8,3,4,'Device G132-2550 / 192.168.1.3 has not received any data for 3600 seconds.',-1,'2015-09-09 14:09:17'),(958,2,6,1,'SNMP Request Time Out, Check Node Connectivity. Node IP: \'192.168.1.4\'. Node Serial: \'G132-2590\'.',1441791557404,'2015-09-09 14:09:17'),(959,2,3,1,'SNMP Request Time Out, Check Node Connectivity. Node IP: \'192.168.1.3\'. Node Serial: \'G132-2550\'.',1441791572330,'2015-09-09 14:09:32'),(960,2,6,1,'SNMP Request Time Out, Check Node Connectivity. Node IP: \'192.168.1.4\'. Node Serial: \'G132-2590\'.',1441791572387,'2015-09-09 14:09:32'),(961,2,3,1,'SNMP Request Time Out, Check Node Connectivity. Node IP: \'192.168.1.3\'. Node Serial: \'G132-2550\'.',1441791587328,'2015-09-09 14:09:47'),(962,2,6,1,'SNMP Request Time Out, Check Node Connectivity. Node IP: \'192.168.1.4\'. Node Serial: \'G132-2590\'.',1441791587434,'2015-09-09 14:09:47'),(963,2,3,1,'SNMP Request Time Out, Check Node Connectivity. Node IP: \'192.168.1.3\'. Node Serial: \'G132-2550\'.',1441791602329,'2015-09-09 14:10:02'),(964,2,6,1,'SNMP Request Time Out, Check Node Connectivity. Node IP: \'192.168.1.4\'. Node Serial: \'G132-2590\'.',1441791602372,'2015-09-09 14:10:02'),(965,2,3,1,'SNMP Request Time Out, Check Node Connectivity. Node IP: \'192.168.1.3\'. Node Serial: \'G132-2550\'.',1441791617331,'2015-09-09 14:10:17'),(966,8,3,4,'Device G132-2550 / 192.168.1.3 has not received any data for 3600 seconds.',-1,'2015-09-09 14:10:17'),(967,2,6,1,'SNMP Request Time Out, Check Node Connectivity. Node IP: \'192.168.1.4\'. Node Serial: \'G132-2590\'.',1441791617442,'2015-09-09 14:10:17'),(968,2,3,1,'SNMP Request Time Out, Check Node Connectivity. Node IP: \'192.168.1.3\'. Node Serial: \'G132-2550\'.',1441791632329,'2015-09-09 14:10:32'),(969,2,6,1,'SNMP Request Time Out, Check Node Connectivity. Node IP: \'192.168.1.4\'. Node Serial: \'G132-2590\'.',1441791632369,'2015-09-09 14:10:32'),(970,2,3,1,'SNMP Request Time Out, Check Node Connectivity. Node IP: \'192.168.1.3\'. Node Serial: \'G132-2550\'.',1441791647329,'2015-09-09 14:10:47'),(971,2,6,1,'SNMP Request Time Out, Check Node Connectivity. Node IP: \'192.168.1.4\'. Node Serial: \'G132-2590\'.',1441791647415,'2015-09-09 14:10:47'),(972,2,3,1,'SNMP Request Time Out, Check Node Connectivity. Node IP: \'192.168.1.3\'. Node Serial: \'G132-2550\'.',1441791662330,'2015-09-09 14:11:02'),(973,2,6,1,'SNMP Request Time Out, Check Node Connectivity. Node IP: \'192.168.1.4\'. Node Serial: \'G132-2590\'.',1441791662376,'2015-09-09 14:11:02'),(974,2,3,1,'SNMP Request Time Out, Check Node Connectivity. Node IP: \'192.168.1.3\'. Node Serial: \'G132-2550\'.',1441791677328,'2015-09-09 14:11:17'),(975,8,3,4,'Device G132-2550 / 192.168.1.3 has not received any data for 3600 seconds.',-1,'2015-09-09 14:11:17'),(976,2,6,1,'SNMP Request Time Out, Check Node Connectivity. Node IP: \'192.168.1.4\'. Node Serial: \'G132-2590\'.',1441791677433,'2015-09-09 14:11:17'),(977,2,3,1,'SNMP Request Time Out, Check Node Connectivity. Node IP: \'192.168.1.3\'. Node Serial: \'G132-2550\'.',1441791692327,'2015-09-09 14:11:32'),(978,2,6,1,'SNMP Request Time Out, Check Node Connectivity. Node IP: \'192.168.1.4\'. Node Serial: \'G132-2590\'.',1441791692427,'2015-09-09 14:11:32'),(979,2,3,1,'SNMP Request Time Out, Check Node Connectivity. Node IP: \'192.168.1.3\'. Node Serial: \'G132-2550\'.',1441791707329,'2015-09-09 14:11:47'),(980,2,6,1,'SNMP Request Time Out, Check Node Connectivity. Node IP: \'192.168.1.4\'. Node Serial: \'G132-2590\'.',1441791707429,'2015-09-09 14:11:47'),(981,2,3,1,'SNMP Request Time Out, Check Node Connectivity. Node IP: \'192.168.1.3\'. Node Serial: \'G132-2550\'.',1441791722330,'2015-09-09 14:12:02'),(982,2,6,1,'SNMP Request Time Out, Check Node Connectivity. Node IP: \'192.168.1.4\'. Node Serial: \'G132-2590\'.',1441791722401,'2015-09-09 14:12:02'),(983,2,3,1,'SNMP Request Time Out, Check Node Connectivity. Node IP: \'192.168.1.3\'. Node Serial: \'G132-2550\'.',1441791737328,'2015-09-09 14:12:17'),(984,8,3,4,'Device G132-2550 / 192.168.1.3 has not received any data for 3600 seconds.',-1,'2015-09-09 14:12:17'),(985,2,6,1,'SNMP Request Time Out, Check Node Connectivity. Node IP: \'192.168.1.4\'. Node Serial: \'G132-2590\'.',1441791737403,'2015-09-09 14:12:17'),(986,2,3,1,'SNMP Request Time Out, Check Node Connectivity. Node IP: \'192.168.1.3\'. Node Serial: \'G132-2550\'.',1441791752329,'2015-09-09 14:12:32'),(987,2,6,1,'SNMP Request Time Out, Check Node Connectivity. Node IP: \'192.168.1.4\'. Node Serial: \'G132-2590\'.',1441791752385,'2015-09-09 14:12:32'),(988,2,3,1,'SNMP Request Time Out, Check Node Connectivity. Node IP: \'192.168.1.3\'. Node Serial: \'G132-2550\'.',1441791767329,'2015-09-09 14:12:47'),(989,2,6,1,'SNMP Request Time Out, Check Node Connectivity. Node IP: \'192.168.1.4\'. Node Serial: \'G132-2590\'.',1441791767432,'2015-09-09 14:12:47'),(990,2,6,1,'SNMP Request Time Out, Check Node Connectivity. Node IP: \'192.168.1.4\'. Node Serial: \'G132-2590\'.',1441791782330,'2015-09-09 14:13:02'),(991,2,3,1,'SNMP Request Time Out, Check Node Connectivity. Node IP: \'192.168.1.3\'. Node Serial: \'G132-2550\'.',1441791782372,'2015-09-09 14:13:02'),(992,2,3,1,'SNMP Request Time Out, Check Node Connectivity. Node IP: \'192.168.1.3\'. Node Serial: \'G132-2550\'.',1441791797329,'2015-09-09 14:13:17'),(993,8,3,4,'Device G132-2550 / 192.168.1.3 has not received any data for 3600 seconds.',-1,'2015-09-09 14:13:17'),(994,2,6,1,'SNMP Request Time Out, Check Node Connectivity. Node IP: \'192.168.1.4\'. Node Serial: \'G132-2590\'.',1441791797406,'2015-09-09 14:13:17'),(995,2,3,1,'SNMP Request Time Out, Check Node Connectivity. Node IP: \'192.168.1.3\'. Node Serial: \'G132-2550\'.',1441791812337,'2015-09-09 14:13:32'),(996,2,6,1,'SNMP Request Time Out, Check Node Connectivity. Node IP: \'192.168.1.4\'. Node Serial: \'G132-2590\'.',1441791812399,'2015-09-09 14:13:32'),(997,2,3,1,'SNMP Request Time Out, Check Node Connectivity. Node IP: \'192.168.1.3\'. Node Serial: \'G132-2550\'.',1441791827330,'2015-09-09 14:13:47'),(998,2,6,1,'SNMP Request Time Out, Check Node Connectivity. Node IP: \'192.168.1.4\'. Node Serial: \'G132-2590\'.',1441791827469,'2015-09-09 14:13:47'),(999,2,3,1,'SNMP Request Time Out, Check Node Connectivity. Node IP: \'192.168.1.3\'. Node Serial: \'G132-2550\'.',1441791842329,'2015-09-09 14:14:02'),(1000,2,6,1,'SNMP Request Time Out, Check Node Connectivity. Node IP: \'192.168.1.4\'. Node Serial: \'G132-2590\'.',1441791842373,'2015-09-09 14:14:02'),(1001,2,3,1,'SNMP Request Time Out, Check Node Connectivity. Node IP: \'192.168.1.3\'. Node Serial: \'G132-2550\'.',1441791857330,'2015-09-09 14:14:17'),(1002,8,3,4,'Device G132-2550 / 192.168.1.3 has not received any data for 3600 seconds.',-1,'2015-09-09 14:14:17'),(1003,2,6,1,'SNMP Request Time Out, Check Node Connectivity. Node IP: \'192.168.1.4\'. Node Serial: \'G132-2590\'.',1441791857396,'2015-09-09 14:14:17'),(1004,2,3,1,'SNMP Request Time Out, Check Node Connectivity. Node IP: \'192.168.1.3\'. Node Serial: \'G132-2550\'.',1441791872329,'2015-09-09 14:14:32'),(1005,2,6,1,'SNMP Request Time Out, Check Node Connectivity. Node IP: \'192.168.1.4\'. Node Serial: \'G132-2590\'.',1441791872380,'2015-09-09 14:14:32'),(1006,2,3,1,'SNMP Request Time Out, Check Node Connectivity. Node IP: \'192.168.1.3\'. Node Serial: \'G132-2550\'.',1441791887330,'2015-09-09 14:14:47'),(1007,2,6,1,'SNMP Request Time Out, Check Node Connectivity. Node IP: \'192.168.1.4\'. Node Serial: \'G132-2590\'.',1441791887415,'2015-09-09 14:14:47'),(1008,2,3,1,'SNMP Request Time Out, Check Node Connectivity. Node IP: \'192.168.1.3\'. Node Serial: \'G132-2550\'.',1441791902329,'2015-09-09 14:15:02'),(1009,2,6,1,'SNMP Request Time Out, Check Node Connectivity. Node IP: \'192.168.1.4\'. Node Serial: \'G132-2590\'.',1441791902377,'2015-09-09 14:15:02'),(1010,2,3,1,'SNMP Request Time Out, Check Node Connectivity. Node IP: \'192.168.1.3\'. Node Serial: \'G132-2550\'.',1441791917329,'2015-09-09 14:15:17'),(1011,8,3,4,'Device G132-2550 / 192.168.1.3 has not received any data for 3600 seconds.',-1,'2015-09-09 14:15:17'),(1012,2,6,1,'SNMP Request Time Out, Check Node Connectivity. Node IP: \'192.168.1.4\'. Node Serial: \'G132-2590\'.',1441791917401,'2015-09-09 14:15:17'),(1013,2,3,1,'SNMP Request Time Out, Check Node Connectivity. Node IP: \'192.168.1.3\'. Node Serial: \'G132-2550\'.',1441791932329,'2015-09-09 14:15:32'),(1014,2,6,1,'SNMP Request Time Out, Check Node Connectivity. Node IP: \'192.168.1.4\'. Node Serial: \'G132-2590\'.',1441791932372,'2015-09-09 14:15:32'),(1015,2,3,1,'SNMP Request Time Out, Check Node Connectivity. Node IP: \'192.168.1.3\'. Node Serial: \'G132-2550\'.',1441791947329,'2015-09-09 14:15:47'),(1016,2,6,1,'SNMP Request Time Out, Check Node Connectivity. Node IP: \'192.168.1.4\'. Node Serial: \'G132-2590\'.',1441791947430,'2015-09-09 14:15:47'),(1017,2,3,1,'SNMP Request Time Out, Check Node Connectivity. Node IP: \'192.168.1.3\'. Node Serial: \'G132-2550\'.',1441791962330,'2015-09-09 14:16:02'),(1018,2,6,1,'SNMP Request Time Out, Check Node Connectivity. Node IP: \'192.168.1.4\'. Node Serial: \'G132-2590\'.',1441791962380,'2015-09-09 14:16:02'),(1019,2,3,1,'SNMP Request Time Out, Check Node Connectivity. Node IP: \'192.168.1.3\'. Node Serial: \'G132-2550\'.',1441791977330,'2015-09-09 14:16:17'),(1020,8,3,4,'Device G132-2550 / 192.168.1.3 has not received any data for 3600 seconds.',-1,'2015-09-09 14:16:17'),(1021,2,6,1,'SNMP Request Time Out, Check Node Connectivity. Node IP: \'192.168.1.4\'. Node Serial: \'G132-2590\'.',1441791977402,'2015-09-09 14:16:17'),(1022,2,3,1,'SNMP Request Time Out, Check Node Connectivity. Node IP: \'192.168.1.3\'. Node Serial: \'G132-2550\'.',1441791992331,'2015-09-09 14:16:32'),(1023,2,6,1,'SNMP Request Time Out, Check Node Connectivity. Node IP: \'192.168.1.4\'. Node Serial: \'G132-2590\'.',1441791992386,'2015-09-09 14:16:32'),(1024,2,3,1,'SNMP Request Time Out, Check Node Connectivity. Node IP: \'192.168.1.3\'. Node Serial: \'G132-2550\'.',1441792007328,'2015-09-09 14:16:47'),(1025,2,6,1,'SNMP Request Time Out, Check Node Connectivity. Node IP: \'192.168.1.4\'. Node Serial: \'G132-2590\'.',1441792007443,'2015-09-09 14:16:47'),(1026,2,3,1,'SNMP Request Time Out, Check Node Connectivity. Node IP: \'192.168.1.3\'. Node Serial: \'G132-2550\'.',1441792022329,'2015-09-09 14:17:02'),(1027,2,6,1,'SNMP Request Time Out, Check Node Connectivity. Node IP: \'192.168.1.4\'. Node Serial: \'G132-2590\'.',1441792022371,'2015-09-09 14:17:02'),(1028,2,3,1,'SNMP Request Time Out, Check Node Connectivity. Node IP: \'192.168.1.3\'. Node Serial: \'G132-2550\'.',1441792037328,'2015-09-09 14:17:17'),(1029,8,3,4,'Device G132-2550 / 192.168.1.3 has not received any data for 3600 seconds.',-1,'2015-09-09 14:17:17'),(1030,2,6,1,'SNMP Request Time Out, Check Node Connectivity. Node IP: \'192.168.1.4\'. Node Serial: \'G132-2590\'.',1441792037439,'2015-09-09 14:17:17'),(1031,2,3,1,'SNMP Request Time Out, Check Node Connectivity. Node IP: \'192.168.1.3\'. Node Serial: \'G132-2550\'.',1441792052330,'2015-09-09 14:17:32'),(1032,2,6,1,'SNMP Request Time Out, Check Node Connectivity. Node IP: \'192.168.1.4\'. Node Serial: \'G132-2590\'.',1441792052389,'2015-09-09 14:17:32'),(1033,2,3,1,'SNMP Request Time Out, Check Node Connectivity. Node IP: \'192.168.1.3\'. Node Serial: \'G132-2550\'.',1441792067329,'2015-09-09 14:17:47'),(1034,2,6,1,'SNMP Request Time Out, Check Node Connectivity. Node IP: \'192.168.1.4\'. Node Serial: \'G132-2590\'.',1441792067447,'2015-09-09 14:17:47'),(1035,2,3,1,'SNMP Request Time Out, Check Node Connectivity. Node IP: \'192.168.1.3\'. Node Serial: \'G132-2550\'.',1441792082329,'2015-09-09 14:18:02'),(1036,2,6,1,'SNMP Request Time Out, Check Node Connectivity. Node IP: \'192.168.1.4\'. Node Serial: \'G132-2590\'.',1441792082411,'2015-09-09 14:18:02'),(1037,2,3,1,'SNMP Request Time Out, Check Node Connectivity. Node IP: \'192.168.1.3\'. Node Serial: \'G132-2550\'.',1441792097328,'2015-09-09 14:18:17'),(1038,8,3,4,'Device G132-2550 / 192.168.1.3 has not received any data for 3600 seconds.',-1,'2015-09-09 14:18:17'),(1039,2,6,1,'SNMP Request Time Out, Check Node Connectivity. Node IP: \'192.168.1.4\'. Node Serial: \'G132-2590\'.',1441792097506,'2015-09-09 14:18:17'),(1040,2,3,1,'SNMP Request Time Out, Check Node Connectivity. Node IP: \'192.168.1.3\'. Node Serial: \'G132-2550\'.',1441792112329,'2015-09-09 14:18:32'),(1041,2,6,1,'SNMP Request Time Out, Check Node Connectivity. Node IP: \'192.168.1.4\'. Node Serial: \'G132-2590\'.',1441792112382,'2015-09-09 14:18:32'),(1042,2,3,1,'SNMP Request Time Out, Check Node Connectivity. Node IP: \'192.168.1.3\'. Node Serial: \'G132-2550\'.',1441792127329,'2015-09-09 14:18:47'),(1043,2,6,1,'SNMP Request Time Out, Check Node Connectivity. Node IP: \'192.168.1.4\'. Node Serial: \'G132-2590\'.',1441792127427,'2015-09-09 14:18:47'),(1044,3,1337,3,'SLA Violation: Node: \'G132-2590\', PAA Name: Cvas1-Cvas2-L2, Service Number: 1, KPI: \'one_way_dv_avg\' ',1441792142,'2015-09-09 14:19:02'),(1045,3,1338,4,'SLA Violation: Node: \'G132-2590\', PAA Name: Cvas1-Cvas2-L2, Service Number: 1, KPI: \'two_way_delay_min\' ',1441792142,'2015-09-09 14:19:02'),(1046,3,1351,3,'SLA Violation: Node: \'G132-2590\', PAA Name: Cvas1-Cvas2-L3, Service Number: 2, KPI: \'one_way_dv_avg\' ',1441792142,'2015-09-09 14:19:02'),(1047,3,1352,4,'SLA Violation: Node: \'G132-2590\', PAA Name: Cvas1-Cvas2-L3, Service Number: 2, KPI: \'two_way_delay_min\' ',1441792142,'2015-09-09 14:19:02'),(1048,3,742,4,'SLA Violation: Node: \'G132-2550\', PAA Name: Cvas1-Cvas2-L2, Service Number: 1, KPI: \'two_way_delay_min\' ',1441792142,'2015-09-09 14:19:02'),(1049,3,741,3,'SLA Violation: Node: \'G132-2550\', PAA Name: Cvas1-Cvas2-L2, Service Number: 1, KPI: \'one_way_dv_avg\' ',1441792142,'2015-09-09 14:19:02'),(1050,3,755,3,'SLA Violation: Node: \'G132-2550\', PAA Name: Cvas1-Cvas2-L3, Service Number: 2, KPI: \'one_way_dv_avg\' ',1441792142,'2015-09-09 14:19:03'),(1051,3,756,4,'SLA Violation: Node: \'G132-2550\', PAA Name: Cvas1-Cvas2-L3, Service Number: 2, KPI: \'two_way_delay_min\' ',1441792142,'2015-09-09 14:19:03'),(1052,3,1337,3,'SLA Violation: Node: \'G132-2590\', PAA Name: Cvas1-Cvas2-L2, Service Number: 1, KPI: \'one_way_dv_avg\' ',1441792127,'2015-09-09 14:19:03'),(1053,3,1338,4,'SLA Violation: Node: \'G132-2590\', PAA Name: Cvas1-Cvas2-L2, Service Number: 1, KPI: \'two_way_delay_min\' ',1441792127,'2015-09-09 14:19:03'),(1054,3,1352,4,'SLA Violation: Node: \'G132-2590\', PAA Name: Cvas1-Cvas2-L3, Service Number: 2, KPI: \'two_way_delay_min\' ',1441792127,'2015-09-09 14:19:03'),(1055,3,1351,3,'SLA Violation: Node: \'G132-2590\', PAA Name: Cvas1-Cvas2-L3, Service Number: 2, KPI: \'one_way_dv_avg\' ',1441792127,'2015-09-09 14:19:03'),(1056,3,741,3,'SLA Violation: Node: \'G132-2550\', PAA Name: Cvas1-Cvas2-L2, Service Number: 1, KPI: \'one_way_dv_avg\' ',1441792127,'2015-09-09 14:19:03'),(1057,3,755,3,'SLA Violation: Node: \'G132-2550\', PAA Name: Cvas1-Cvas2-L3, Service Number: 2, KPI: \'one_way_dv_avg\' ',1441792127,'2015-09-09 14:19:03'),(1058,3,742,4,'SLA Violation: Node: \'G132-2550\', PAA Name: Cvas1-Cvas2-L2, Service Number: 1, KPI: \'two_way_delay_min\' ',1441792127,'2015-09-09 14:19:03'),(1059,3,756,4,'SLA Violation: Node: \'G132-2550\', PAA Name: Cvas1-Cvas2-L3, Service Number: 2, KPI: \'two_way_delay_min\' ',1441792127,'2015-09-09 14:19:03'),(1060,8,3,4,'Device G132-2550 / 192.168.1.3 has not received any data for 3600 seconds.',-1,'2015-09-09 14:19:17'),(1061,3,741,3,'SLA Violation: Node: \'G132-2550\', PAA Name: Cvas1-Cvas2-L2, Service Number: 1, KPI: \'one_way_dv_avg\' ',1441792157,'2015-09-09 14:19:17'),(1062,3,742,4,'SLA Violation: Node: \'G132-2550\', PAA Name: Cvas1-Cvas2-L2, Service Number: 1, KPI: \'two_way_delay_min\' ',1441792157,'2015-09-09 14:19:17'),(1063,3,755,3,'SLA Violation: Node: \'G132-2550\', PAA Name: Cvas1-Cvas2-L3, Service Number: 2, KPI: \'one_way_dv_avg\' ',1441792157,'2015-09-09 14:19:17'),(1064,3,756,4,'SLA Violation: Node: \'G132-2550\', PAA Name: Cvas1-Cvas2-L3, Service Number: 2, KPI: \'two_way_delay_min\' ',1441792157,'2015-09-09 14:19:17'),(1065,3,1337,3,'SLA Violation: Node: \'G132-2590\', PAA Name: Cvas1-Cvas2-L2, Service Number: 1, KPI: \'one_way_dv_avg\' ',1441792172,'2015-09-09 14:19:32'),(1066,3,1338,4,'SLA Violation: Node: \'G132-2590\', PAA Name: Cvas1-Cvas2-L2, Service Number: 1, KPI: \'two_way_delay_min\' ',1441792172,'2015-09-09 14:19:32'),(1067,3,1351,3,'SLA Violation: Node: \'G132-2590\', PAA Name: Cvas1-Cvas2-L3, Service Number: 2, KPI: \'one_way_dv_avg\' ',1441792172,'2015-09-09 14:19:32'),(1068,3,1352,4,'SLA Violation: Node: \'G132-2590\', PAA Name: Cvas1-Cvas2-L3, Service Number: 2, KPI: \'two_way_delay_min\' ',1441792172,'2015-09-09 14:19:32'),(1069,3,742,4,'SLA Violation: Node: \'G132-2550\', PAA Name: Cvas1-Cvas2-L2, Service Number: 1, KPI: \'two_way_delay_min\' ',1441792172,'2015-09-09 14:19:32'),(1070,3,741,3,'SLA Violation: Node: \'G132-2550\', PAA Name: Cvas1-Cvas2-L2, Service Number: 1, KPI: \'one_way_dv_avg\' ',1441792172,'2015-09-09 14:19:32'),(1071,3,755,3,'SLA Violation: Node: \'G132-2550\', PAA Name: Cvas1-Cvas2-L3, Service Number: 2, KPI: \'one_way_dv_avg\' ',1441792172,'2015-09-09 14:19:32'),(1072,3,756,4,'SLA Violation: Node: \'G132-2550\', PAA Name: Cvas1-Cvas2-L3, Service Number: 2, KPI: \'two_way_delay_min\' ',1441792172,'2015-09-09 14:19:32'),(1073,3,1337,3,'SLA Violation: Node: \'G132-2590\', PAA Name: Cvas1-Cvas2-L2, Service Number: 1, KPI: \'one_way_dv_avg\' ',1441792187,'2015-09-09 14:19:47'),(1074,3,1338,4,'SLA Violation: Node: \'G132-2590\', PAA Name: Cvas1-Cvas2-L2, Service Number: 1, KPI: \'two_way_delay_min\' ',1441792187,'2015-09-09 14:19:47'),(1075,3,1351,3,'SLA Violation: Node: \'G132-2590\', PAA Name: Cvas1-Cvas2-L3, Service Number: 2, KPI: \'one_way_dv_avg\' ',1441792187,'2015-09-09 14:19:47'),(1076,3,741,3,'SLA Violation: Node: \'G132-2550\', PAA Name: Cvas1-Cvas2-L2, Service Number: 1, KPI: \'one_way_dv_avg\' ',1441792187,'2015-09-09 14:19:47'),(1077,3,1352,4,'SLA Violation: Node: \'G132-2590\', PAA Name: Cvas1-Cvas2-L3, Service Number: 2, KPI: \'two_way_delay_min\' ',1441792187,'2015-09-09 14:19:47'),(1078,3,742,4,'SLA Violation: Node: \'G132-2550\', PAA Name: Cvas1-Cvas2-L2, Service Number: 1, KPI: \'two_way_delay_min\' ',1441792187,'2015-09-09 14:19:47'),(1079,3,755,3,'SLA Violation: Node: \'G132-2550\', PAA Name: Cvas1-Cvas2-L3, Service Number: 2, KPI: \'one_way_dv_avg\' ',1441792187,'2015-09-09 14:19:47'),(1080,3,756,4,'SLA Violation: Node: \'G132-2550\', PAA Name: Cvas1-Cvas2-L3, Service Number: 2, KPI: \'two_way_delay_min\' ',1441792187,'2015-09-09 14:19:47'),(1081,8,3,4,'Device G132-2550 / 192.168.1.3 has not received any data for 3600 seconds.',-1,'2015-09-09 14:22:37'),(1082,8,3,4,'Device G132-2550 / 192.168.1.3 has not received any data for 3600 seconds.',-1,'2015-09-09 14:23:37'),(1083,8,3,4,'Device G132-2550 / 192.168.1.3 has not received any data for 3600 seconds.',-1,'2015-09-09 14:24:37'),(1084,8,3,4,'Device G132-2550 / 192.168.1.3 has not received any data for 3600 seconds.',-1,'2015-09-09 14:25:37'),(1085,8,3,4,'Device G132-2550 / 192.168.1.3 has not received any data for 3600 seconds.',-1,'2015-09-09 14:26:37'),(1086,8,3,4,'Device G132-2550 / 192.168.1.3 has not received any data for 3600 seconds.',-1,'2015-09-09 14:27:37'),(1087,8,3,4,'Device G132-2550 / 192.168.1.3 has not received any data for 3600 seconds.',-1,'2015-09-09 14:28:37'),(1088,8,3,4,'Device G132-2550 / 192.168.1.3 has not received any data for 3600 seconds.',-1,'2015-09-09 14:29:37'),(1089,8,3,4,'Device G132-2550 / 192.168.1.3 has not received any data for 3600 seconds.',-1,'2015-09-09 14:30:37'),(1090,8,3,4,'Device G132-2550 / 192.168.1.3 has not received any data for 3600 seconds.',-1,'2015-09-09 14:31:37'),(1091,8,3,4,'Device G132-2550 / 192.168.1.3 has not received any data for 3600 seconds.',-1,'2015-09-09 14:32:37'),(1092,8,3,4,'Device G132-2550 / 192.168.1.3 has not received any data for 3600 seconds.',-1,'2015-09-09 14:33:37'),(1093,8,3,4,'Device G132-2550 / 192.168.1.3 has not received any data for 3600 seconds.',-1,'2015-09-09 14:34:37'),(1094,8,3,4,'Device G132-2550 / 192.168.1.3 has not received any data for 3600 seconds.',-1,'2015-09-09 14:35:37'),(1095,8,3,4,'Device G132-2550 / 192.168.1.3 has not received any data for 3600 seconds.',-1,'2015-09-09 14:36:37'),(1096,8,3,4,'Device G132-2550 / 192.168.1.3 has not received any data for 3600 seconds.',-1,'2015-09-09 14:37:37'),(1097,8,3,4,'Device G132-2550 / 192.168.1.3 has not received any data for 3600 seconds.',-1,'2015-09-09 14:38:37'),(1098,8,3,4,'Device G132-2550 / 192.168.1.3 has not received any data for 3600 seconds.',-1,'2015-09-09 14:39:37'),(1099,8,3,4,'Device G132-2550 / 192.168.1.3 has not received any data for 3600 seconds.',-1,'2015-09-09 14:40:37'),(1100,8,3,4,'Device G132-2550 / 192.168.1.3 has not received any data for 3600 seconds.',-1,'2015-09-09 14:41:37'),(1101,8,3,4,'Device G132-2550 / 192.168.1.3 has not received any data for 3600 seconds.',-1,'2015-09-09 14:42:37'),(1102,8,3,4,'Device G132-2550 / 192.168.1.3 has not received any data for 3600 seconds.',-1,'2015-09-09 14:43:37'),(1103,8,3,4,'Device G132-2550 / 192.168.1.3 has not received any data for 3600 seconds.',-1,'2015-09-09 14:44:37'),(1104,8,3,4,'Device G132-2550 / 192.168.1.3 has not received any data for 3600 seconds.',-1,'2015-09-09 14:45:37'),(1105,8,3,4,'Device G132-2550 / 192.168.1.3 has not received any data for 3600 seconds.',-1,'2015-09-09 14:46:37'),(1106,8,3,4,'Device G132-2550 / 192.168.1.3 has not received any data for 3600 seconds.',-1,'2015-09-09 14:47:37'),(1107,8,3,4,'Device G132-2550 / 192.168.1.3 has not received any data for 3600 seconds.',-1,'2015-09-09 14:48:37'),(1108,8,3,4,'Device G132-2550 / 192.168.1.3 has not received any data for 3600 seconds.',-1,'2015-09-09 14:49:37'),(1109,8,3,4,'Device G132-2550 / 192.168.1.3 has not received any data for 3600 seconds.',-1,'2015-09-09 14:50:37');
/*!40000 ALTER TABLE `event` ENABLE KEYS */;
UNLOCK TABLES;

--
-- Table structure for table `group`
--

DROP TABLE IF EXISTS `group`;
/*!40101 SET @saved_cs_client     = @@character_set_client */;
/*!40101 SET character_set_client = utf8 */;
CREATE TABLE `group` (
  `snmp_version` int(11) DEFAULT '2',
  `snmp_port` int(11) DEFAULT '161',
  `community` varchar(255) DEFAULT NULL,
  `snmp_auth_type` int(11) DEFAULT NULL,
  `snmp_username` varchar(255) DEFAULT NULL,
  `snmp_password` varchar(255) DEFAULT NULL,
  `data_encription_type` int(11) DEFAULT NULL,
  `data_encription_key` varchar(255) DEFAULT NULL,
  `ssh_username` varchar(255) DEFAULT NULL,
  `ssh_password` varchar(255) DEFAULT NULL,
  `ssh_port` int(11) DEFAULT '22',
  `inherit_location` int(1) NOT NULL,
  `inherit_ssh` int(1) NOT NULL,
  `inherit_permission` int(1) NOT NULL,
  `inherit_snmp` int(1) NOT NULL,
  `id` int(11) NOT NULL AUTO_INCREMENT,
  `name` varchar(50) NOT NULL,
  `location` varchar(255) DEFAULT NULL,
  `latitude` double DEFAULT NULL,
  `longitude` double DEFAULT NULL,
  `color` varchar(10) NOT NULL,
  `parent_id` int(11) DEFAULT NULL,
  `priority` int(11) NOT NULL DEFAULT '1',
  `enable_snmp` int(1) NOT NULL,
  `status` int(11) NOT NULL DEFAULT '0',
  `snmp_security_level` int(11) DEFAULT NULL,
  PRIMARY KEY (`id`),
  UNIQUE KEY `name` (`name`),
  KEY `parent_id` (`parent_id`),
  CONSTRAINT `group_ibfk_1` FOREIGN KEY (`parent_id`) REFERENCES `group` (`id`) ON DELETE CASCADE ON UPDATE CASCADE
) ENGINE=InnoDB AUTO_INCREMENT=10 DEFAULT CHARSET=utf8;
/*!40101 SET character_set_client = @saved_cs_client */;

--
-- Dumping data for table `group`
--

LOCK TABLES `group` WRITE;
/*!40000 ALTER TABLE `group` DISABLE KEYS */;
INSERT INTO `group` VALUES (2,161,'nid',NULL,NULL,NULL,NULL,NULL,'','',22,0,0,0,0,7,'Root','Chile',-54.165650032,-73.0868911743,'#0d7e32',NULL,5,1,1,NULL),(2,161,'nid',NULL,NULL,NULL,NULL,NULL,'admin','admin',22,1,0,0,0,8,'local','Chile',-54.165650032,-73.0868911743,'#000000',7,1,1,0,NULL),(2,161,'nid',NULL,NULL,NULL,NULL,NULL,'admin','admin',22,1,0,0,0,9,'Test','Chile',-54.165650032,-73.0868911743,'#f30a0a',7,4,1,0,NULL);
/*!40000 ALTER TABLE `group` ENABLE KEYS */;
UNLOCK TABLES;

--
-- Table structure for table `kpis`
--

DROP TABLE IF EXISTS `kpis`;
/*!40101 SET @saved_cs_client     = @@character_set_client */;
/*!40101 SET character_set_client = utf8 */;
CREATE TABLE `kpis` (
  `id` int(11) NOT NULL AUTO_INCREMENT,
  `kpi_name` varchar(255) DEFAULT NULL,
  `oid` varchar(255) DEFAULT NULL,
  `column_index_reg` int(10) DEFAULT NULL,
  `periodic_type` int(1) DEFAULT NULL,
  `column_index_paa` int(11) DEFAULT NULL,
  `sla` int(1) NOT NULL DEFAULT '1',
  `layer` int(1) DEFAULT NULL,
  `unit` int(11) NOT NULL,
  `type` int(1) NOT NULL,
  `kpiscol` varchar(45) DEFAULT NULL,
  `title` varchar(255) NOT NULL,
  PRIMARY KEY (`id`),
  UNIQUE KEY `kpi_name` (`kpi_name`)
) ENGINE=InnoDB AUTO_INCREMENT=63 DEFAULT CHARSET=utf8;
/*!40101 SET character_set_client = @saved_cs_client */;

--
-- Dumping data for table `kpis`
--

LOCK TABLES `kpis` WRITE;
/*!40000 ALTER TABLE `kpis` DISABLE KEYS */;
INSERT INTO `kpis` VALUES (1,'reg_service_name','1.3.6.1.4.1.22420.2.6.1.1.2',NULL,0,NULL,0,NULL,0,0,NULL,''),(2,'paa_l2_service_name','1.3.6.1.4.1.22420.2.5.4.1.2',NULL,0,NULL,0,NULL,0,0,NULL,''),(3,'paa_l3_service_name','1.3.6.1.4.1.22420.2.5.3.1.2',NULL,0,NULL,0,NULL,0,0,NULL,''),(4,'cir','1.3.6.1.4.1.22420.2.6.1.1.3',8,1,NULL,0,NULL,0,5,NULL,''),(5,'cbs','1.3.6.1.4.1.22420.2.6.1.1.4',9,1,NULL,0,NULL,0,5,NULL,''),(6,'eir','1.3.6.1.4.1.22420.2.6.1.1.5',10,1,NULL,0,NULL,0,5,NULL,''),(7,'ebs','1.3.6.1.4.1.22420.2.6.1.1.6',11,1,NULL,0,NULL,0,5,NULL,''),(8,'hardware_version','1.3.6.1.4.1.22420.1.1.5.0',4,1,5,0,NULL,0,1,NULL,''),(9,'firmware_version','1.3.6.1.4.1.22420.1.1.4.0',3,1,4,0,NULL,0,1,NULL,''),(10,'port_mac_address','1.3.6.1.4.1.22420.2.9.1.1.1.1.4',NULL,1,NULL,0,NULL,0,1,NULL,''),(11,'device_serial','1.3.6.1.4.1.22420.1.1.6.0',NULL,1,6,0,NULL,0,1,NULL,''),(12,'device_name','1.3.6.1.4.1.22420.1.1.3.0',2,1,3,0,NULL,0,1,NULL,''),(13,'paa_l2_packet_size','1.3.6.1.4.1.22420.2.5.4.1.4',NULL,1,11,0,NULL,0,6,NULL,''),(14,'paa_l2_sample_period','1.3.6.1.4.1.22420.2.5.4.1.5',NULL,1,12,0,NULL,0,6,NULL,''),(15,'paa_l2_status','1.3.6.1.4.1.22420.2.5.4.1.3',NULL,1,9,0,NULL,0,6,NULL,''),(17,'paa_l2_vlan1_id','1.3.6.1.4.1.22420.2.5.4.1.24',NULL,1,19,0,NULL,0,6,NULL,''),(18,'paa_l2_vlan1_priority','1.3.6.1.4.1.22420.2.5.4.1.27',NULL,1,20,0,NULL,0,6,NULL,''),(19,'paa_l2_vlan2_id','1.3.6.1.4.1.22420.2.5.4.1.26',NULL,1,23,0,NULL,0,6,NULL,''),(20,'paa_l2_vlan2_priority','1.3.6.1.4.1.22420.2.5.4.1.28',NULL,1,24,0,NULL,0,6,NULL,''),(21,'paa_l3_packet_size','1.3.6.1.4.1.22420.2.5.3.1.4',NULL,1,11,0,NULL,0,7,NULL,''),(22,'paa_l3_sample_period','1.3.6.1.4.1.22420.2.5.3.1.5',NULL,1,12,0,NULL,0,7,NULL,''),(23,'paa_l3_status','1.3.6.1.4.1.22420.2.5.3.1.3',NULL,1,9,0,NULL,0,7,NULL,''),(24,'paa_l3_source_port','1.3.6.1.4.1.22420.2.5.3.1.21',NULL,1,28,0,NULL,0,7,NULL,''),(25,'paa_l3_destination_port','1.3.6.1.4.1.22420.2.5.3.1.28',NULL,1,29,0,NULL,0,7,NULL,''),(26,'paa_l3_dscp','1.3.6.1.4.1.22420.2.5.3.1.22',NULL,1,30,0,NULL,0,7,NULL,''),(27,'paa_l3_ecn','1.3.6.1.4.1.22420.2.5.3.1.22',NULL,1,31,0,NULL,0,7,NULL,''),(28,'paa_l3_vlan1_priority','1.3.6.1.4.1.22420.2.5.3.1.23',NULL,1,NULL,0,NULL,0,7,NULL,''),(29,'paa_l3_vlan2_priority','1.3.6.1.4.1.22420.2.5.3.1.24',NULL,1,NULL,0,NULL,0,7,NULL,''),(31,'one_way_delay_min','1.3.6.1.4.1.22420.2.5.1.1.46',NULL,2,49,1,NULL,3,3,NULL,'One Way Delay Min'),(32,'one_way_delay_max','1.3.6.1.4.1.22420.2.5.1.1.47',NULL,2,50,1,NULL,3,3,NULL,'One Way Delay Max'),(33,'one_way_delay_avg','1.3.6.1.4.1.22420.2.5.1.1.48',NULL,2,51,1,NULL,3,3,NULL,'One Way Delay  Avg'),(34,'one_way_dv_min','1.3.6.1.4.1.22420.2.5.1.1.13',NULL,2,55,1,NULL,3,3,NULL,'One Way Delay Variation Min'),(35,'one_way_dv_max','1.3.6.1.4.1.22420.2.5.1.1.14',NULL,2,56,1,NULL,3,3,NULL,'One Way Delay Variation Max'),(36,'one_way_dv_avg','1.3.6.1.4.1.22420.2.5.1.1.15',NULL,2,57,1,NULL,3,3,NULL,'One Way Delay Variation Avg'),(37,'two_way_delay_min','1.3.6.1.4.1.22420.2.5.1.1.24',NULL,2,61,1,NULL,3,3,NULL,'Two Way Delay Min'),(38,'two_way_delay_max','1.3.6.1.4.1.22420.2.5.1.1.25',NULL,2,62,1,NULL,3,3,NULL,'Two Way Delay Max'),(39,'two_way_delay_avg','1.3.6.1.4.1.22420.2.5.1.1.26',NULL,2,63,1,NULL,3,3,NULL,'Two Way Delay Avg'),(40,'two_way_dv_min','1.3.6.1.4.1.22420.2.5.1.1.35',NULL,2,67,1,NULL,3,3,NULL,'Two Way Delay Variation Min'),(41,'two_way_dv_max','1.3.6.1.4.1.22420.2.5.1.1.36',NULL,2,68,1,NULL,3,3,NULL,'Two Way Delay Variation Max'),(42,'two_way_dv_avg','1.3.6.1.4.1.22420.2.5.1.1.37',NULL,2,69,1,NULL,3,3,NULL,'Two Way Delay Variation Avg'),(44,'accept_avg_rate','1.3.6.1.4.1.22420.2.6.3.1.12',23,2,NULL,1,NULL,10,2,NULL,'Accept Avg Rate'),(45,'cpu_avg_15_sec','1.3.6.1.4.1.22420.1.1.21',NULL,0,NULL,0,NULL,0,0,NULL,''),(46,'index','',6,0,7,0,NULL,0,8,NULL,''),(47,'paa_type','',NULL,0,2,0,NULL,0,8,NULL,''),(48,'source_mac','',NULL,2,14,0,NULL,12,8,NULL,''),(49,'destination_mac','',NULL,2,15,0,NULL,12,8,NULL,''),(50,'service_name','',7,0,8,0,NULL,0,8,NULL,''),(51,'date','',1,2,1,0,NULL,0,8,NULL,''),(52,'paa_l2_mac_destination','1.3.6.1.4.1.22420.2.5.4.1.21',NULL,1,0,0,NULL,0,6,NULL,''),(53,'ip_address_v4','1.3.6.1.2.1.4.20.1.1',NULL,1,0,0,NULL,0,6,NULL,''),(54,'paa_l3_destination_ip','1.3.6.1.4.1.22420.2.5.3.1.20',NULL,1,27,0,NULL,0,7,NULL,''),(56,'packet_loss_ne','1.3.6.1.4.1.22420.2.5.1.1.4',NULL,2,41,1,NULL,12,3,NULL,'Packet Loss NE'),(57,'accept_max_rate','1.3.6.1.4.1.22420.2.6.3.1.14',25,2,NULL,1,NULL,10,2,NULL,'Accept Max Rate'),(60,'accept_min_rate','1.3.6.1.4.1.22420.2.6.3.1.13',24,2,NULL,1,NULL,10,2,NULL,'Accept Min Rate'),(61,'accept_current_rate','1.3.6.1.4.1.22420.2.6.2.1.8',23,2,0,1,NULL,10,2,NULL,'Accept Current Rate'),(62,'metric_counter_ua_time','1.3.6.1.4.1.22420.2.12.1.2.4.1.2',NULL,2,63,0,NULL,12,3,NULL,'Ua Time');
/*!40000 ALTER TABLE `kpis` ENABLE KEYS */;
UNLOCK TABLES;

--
-- Table structure for table `message`
--

DROP TABLE IF EXISTS `message`;
/*!40101 SET @saved_cs_client     = @@character_set_client */;
/*!40101 SET character_set_client = utf8 */;
CREATE TABLE `message` (
  `id` int(11) NOT NULL AUTO_INCREMENT,
  `title` varchar(50) NOT NULL,
  `text` text NOT NULL,
  `create_time` datetime DEFAULT NULL,
  `status` tinyint(1) DEFAULT NULL,
  `read` tinyint(1) DEFAULT NULL,
  `submitter_id` int(11) DEFAULT NULL,
  `user_id` int(11) DEFAULT NULL,
  PRIMARY KEY (`id`),
  KEY `submitter_id` (`submitter_id`),
  KEY `user_id` (`user_id`),
  CONSTRAINT `message_ibfk_1` FOREIGN KEY (`submitter_id`) REFERENCES `user` (`id`) ON DELETE CASCADE ON UPDATE CASCADE,
  CONSTRAINT `message_ibfk_2` FOREIGN KEY (`user_id`) REFERENCES `user` (`id`) ON DELETE CASCADE ON UPDATE CASCADE
) ENGINE=InnoDB DEFAULT CHARSET=utf8;
/*!40101 SET character_set_client = @saved_cs_client */;

--
-- Dumping data for table `message`
--

LOCK TABLES `message` WRITE;
/*!40000 ALTER TABLE `message` DISABLE KEYS */;
/*!40000 ALTER TABLE `message` ENABLE KEYS */;
UNLOCK TABLES;

--
-- Table structure for table `permission_user`
--

DROP TABLE IF EXISTS `permission_user`;
/*!40101 SET @saved_cs_client     = @@character_set_client */;
/*!40101 SET character_set_client = utf8 */;
CREATE TABLE `permission_user` (
  `id` int(11) NOT NULL AUTO_INCREMENT,
  `permission` int(11) DEFAULT NULL,
  `inherited` tinyint(1) NOT NULL DEFAULT '0',
  `user_id` int(11) DEFAULT NULL,
  `group_id` int(11) DEFAULT NULL,
  `service_id` int(11) DEFAULT NULL,
  `device_id` int(11) DEFAULT NULL,
  PRIMARY KEY (`id`),
  KEY `user_id` (`user_id`),
  KEY `group_id` (`group_id`),
  KEY `service_id` (`service_id`),
  KEY `device_id` (`device_id`),
  CONSTRAINT `permission_user_ibfk_1` FOREIGN KEY (`user_id`) REFERENCES `user` (`id`) ON DELETE CASCADE ON UPDATE CASCADE,
  CONSTRAINT `permission_user_ibfk_2` FOREIGN KEY (`group_id`) REFERENCES `group` (`id`) ON DELETE CASCADE ON UPDATE CASCADE,
  CONSTRAINT `permission_user_ibfk_3` FOREIGN KEY (`service_id`) REFERENCES `device_service` (`id`) ON DELETE CASCADE ON UPDATE CASCADE,
  CONSTRAINT `permission_user_ibfk_4` FOREIGN KEY (`device_id`) REFERENCES `device` (`id`) ON DELETE CASCADE ON UPDATE CASCADE
) ENGINE=InnoDB DEFAULT CHARSET=utf8;
/*!40101 SET character_set_client = @saved_cs_client */;

--
-- Dumping data for table `permission_user`
--

LOCK TABLES `permission_user` WRITE;
/*!40000 ALTER TABLE `permission_user` DISABLE KEYS */;
/*!40000 ALTER TABLE `permission_user` ENABLE KEYS */;
UNLOCK TABLES;

--
-- Table structure for table `report_queries`
--

DROP TABLE IF EXISTS `report_queries`;
/*!40101 SET @saved_cs_client     = @@character_set_client */;
/*!40101 SET character_set_client = utf8 */;
CREATE TABLE `report_queries` (
  `id` int(11) NOT NULL,
  `name` varchar(120) DEFAULT NULL,
  `report_type` int(11) NOT NULL,
  `sla_view_later` tinyint(1) NOT NULL,
  `from_date` datetime DEFAULT NULL,
  `to_date` datetime DEFAULT NULL,
  `device_group_id` int(11) DEFAULT NULL,
  `device_id` int(11) NOT NULL,
  `query` text NOT NULL,
  PRIMARY KEY (`id`)
) ENGINE=InnoDB DEFAULT CHARSET=latin1;
/*!40101 SET character_set_client = @saved_cs_client */;

--
-- Dumping data for table `report_queries`
--

LOCK TABLES `report_queries` WRITE;
/*!40000 ALTER TABLE `report_queries` DISABLE KEYS */;
/*!40000 ALTER TABLE `report_queries` ENABLE KEYS */;
UNLOCK TABLES;

--
-- Table structure for table `sensor`
--

DROP TABLE IF EXISTS `sensor`;
/*!40101 SET @saved_cs_client     = @@character_set_client */;
/*!40101 SET character_set_client = utf8 */;
CREATE TABLE `sensor` (
  `id` int(11) NOT NULL AUTO_INCREMENT,
  `name` varchar(50) NOT NULL,
  `kpis_id` int(11) NOT NULL,
  `is_snmp` int(11) NOT NULL,
  `device_id` int(11) NOT NULL,
  `device_service_id` int(11) NOT NULL,
  `oid` varchar(255) NOT NULL,
  PRIMARY KEY (`id`),
  UNIQUE KEY `kpis_id_device_service_unix` (`kpis_id`,`device_service_id`,`device_id`,`is_snmp`),
  KEY `device_id` (`device_id`),
  KEY `device_service_id` (`device_service_id`),
  KEY `kpis_id` (`kpis_id`),
  CONSTRAINT `sensor_ibfk_1` FOREIGN KEY (`device_id`) REFERENCES `device` (`id`) ON DELETE CASCADE ON UPDATE CASCADE,
  CONSTRAINT `sensor_ibfk_2` FOREIGN KEY (`device_service_id`) REFERENCES `device_service` (`id`) ON DELETE CASCADE ON UPDATE CASCADE,
  CONSTRAINT `sensor_ibfk_3` FOREIGN KEY (`kpis_id`) REFERENCES `kpis` (`id`) ON DELETE CASCADE ON UPDATE CASCADE
) ENGINE=InnoDB AUTO_INCREMENT=1445 DEFAULT CHARSET=utf8;
/*!40101 SET character_set_client = @saved_cs_client */;

--
-- Dumping data for table `sensor`
--

LOCK TABLES `sensor` WRITE;
/*!40000 ALTER TABLE `sensor` DISABLE KEYS */;
INSERT INTO `sensor` VALUES (603,'accept_max_rate',57,1,3,49,'1.3.6.1.4.1.22420.2.6.3.1.14.1'),(604,'accept_avg_rate',44,1,3,49,'1.3.6.1.4.1.22420.2.6.3.1.12.1'),(605,'accept_min_rate',60,1,3,49,'1.3.6.1.4.1.22420.2.6.3.1.13.1'),(606,'accept_current_rate',61,1,3,49,'1.3.6.1.4.1.22420.2.6.2.1.8.1'),(607,'accept_max_rate',57,1,3,50,'1.3.6.1.4.1.22420.2.6.3.1.14.2'),(608,'accept_avg_rate',44,1,3,50,'1.3.6.1.4.1.22420.2.6.3.1.12.2'),(609,'accept_min_rate',60,1,3,50,'1.3.6.1.4.1.22420.2.6.3.1.13.2'),(610,'accept_current_rate',61,1,3,50,'1.3.6.1.4.1.22420.2.6.2.1.8.2'),(611,'one_way_delay_max',32,1,3,51,'1.3.6.1.4.1.22420.2.5.1.1.47.1'),(612,'one_way_delay_avg',33,1,3,51,'1.3.6.1.4.1.22420.2.5.1.1.48.1'),(613,'one_way_dv_min',34,1,3,51,'1.3.6.1.4.1.22420.2.5.1.1.13.1'),(614,'one_way_dv_max',35,1,3,51,'1.3.6.1.4.1.22420.2.5.1.1.14.1'),(615,'one_way_dv_avg',36,1,3,51,'1.3.6.1.4.1.22420.2.5.1.1.15.1'),(616,'two_way_delay_min',37,1,3,51,'1.3.6.1.4.1.22420.2.5.1.1.24.1'),(617,'two_way_delay_max',38,1,3,51,'1.3.6.1.4.1.22420.2.5.1.1.25.1'),(618,'two_way_delay_avg',39,1,3,51,'1.3.6.1.4.1.22420.2.5.1.1.26.1'),(619,'two_way_dv_min',40,1,3,51,'1.3.6.1.4.1.22420.2.5.1.1.35.1'),(620,'two_way_dv_max',41,1,3,51,'1.3.6.1.4.1.22420.2.5.1.1.36.1'),(621,'two_way_dv_avg',42,1,3,51,'1.3.6.1.4.1.22420.2.5.1.1.37.1'),(622,'packet_loss_ne',56,1,3,51,'1.3.6.1.4.1.22420.2.5.1.1.4.1'),(623,'metric_counter_ua_time',62,1,3,51,'1.3.6.1.4.1.22420.2.12.1.2.4.1.2.1'),(624,'one_way_delay_min',31,1,3,51,'1.3.6.1.4.1.22420.2.5.1.1.46.1'),(625,'one_way_delay_max',32,1,3,52,'1.3.6.1.4.1.22420.2.5.1.1.47.3'),(626,'one_way_delay_avg',33,1,3,52,'1.3.6.1.4.1.22420.2.5.1.1.48.3'),(627,'one_way_dv_min',34,1,3,52,'1.3.6.1.4.1.22420.2.5.1.1.13.3'),(628,'one_way_dv_max',35,1,3,52,'1.3.6.1.4.1.22420.2.5.1.1.14.3'),(629,'one_way_dv_avg',36,1,3,52,'1.3.6.1.4.1.22420.2.5.1.1.15.3'),(630,'two_way_delay_min',37,1,3,52,'1.3.6.1.4.1.22420.2.5.1.1.24.3'),(631,'two_way_delay_max',38,1,3,52,'1.3.6.1.4.1.22420.2.5.1.1.25.3'),(632,'two_way_delay_avg',39,1,3,52,'1.3.6.1.4.1.22420.2.5.1.1.26.3'),(633,'two_way_dv_min',40,1,3,52,'1.3.6.1.4.1.22420.2.5.1.1.35.3'),(634,'two_way_dv_max',41,1,3,52,'1.3.6.1.4.1.22420.2.5.1.1.36.3'),(635,'two_way_dv_avg',42,1,3,52,'1.3.6.1.4.1.22420.2.5.1.1.37.3'),(636,'packet_loss_ne',56,1,3,52,'1.3.6.1.4.1.22420.2.5.1.1.4.3'),(637,'metric_counter_ua_time',62,1,3,52,'1.3.6.1.4.1.22420.2.12.1.2.4.1.2.3'),(638,'one_way_delay_min',31,1,3,52,'1.3.6.1.4.1.22420.2.5.1.1.46.3'),(639,'one_way_delay_max',32,1,3,53,'1.3.6.1.4.1.22420.2.5.1.1.47.9'),(640,'one_way_delay_avg',33,1,3,53,'1.3.6.1.4.1.22420.2.5.1.1.48.9'),(641,'one_way_dv_min',34,1,3,53,'1.3.6.1.4.1.22420.2.5.1.1.13.9'),(642,'one_way_dv_max',35,1,3,53,'1.3.6.1.4.1.22420.2.5.1.1.14.9'),(643,'one_way_dv_avg',36,1,3,53,'1.3.6.1.4.1.22420.2.5.1.1.15.9'),(644,'two_way_delay_min',37,1,3,53,'1.3.6.1.4.1.22420.2.5.1.1.24.9'),(645,'two_way_delay_max',38,1,3,53,'1.3.6.1.4.1.22420.2.5.1.1.25.9'),(646,'two_way_delay_avg',39,1,3,53,'1.3.6.1.4.1.22420.2.5.1.1.26.9'),(647,'two_way_dv_min',40,1,3,53,'1.3.6.1.4.1.22420.2.5.1.1.35.9'),(648,'two_way_dv_max',41,1,3,53,'1.3.6.1.4.1.22420.2.5.1.1.36.9'),(649,'two_way_dv_avg',42,1,3,53,'1.3.6.1.4.1.22420.2.5.1.1.37.9'),(650,'packet_loss_ne',56,1,3,53,'1.3.6.1.4.1.22420.2.5.1.1.4.9'),(651,'metric_counter_ua_time',62,1,3,53,'1.3.6.1.4.1.22420.2.12.1.2.4.1.2.9'),(652,'one_way_delay_min',31,1,3,53,'1.3.6.1.4.1.22420.2.5.1.1.46.9'),(653,'one_way_delay_max',32,1,3,54,'1.3.6.1.4.1.22420.2.5.1.1.47.2'),(654,'one_way_delay_avg',33,1,3,54,'1.3.6.1.4.1.22420.2.5.1.1.48.2'),(655,'one_way_dv_min',34,1,3,54,'1.3.6.1.4.1.22420.2.5.1.1.13.2'),(656,'one_way_dv_max',35,1,3,54,'1.3.6.1.4.1.22420.2.5.1.1.14.2'),(657,'one_way_dv_avg',36,1,3,54,'1.3.6.1.4.1.22420.2.5.1.1.15.2'),(658,'two_way_delay_min',37,1,3,54,'1.3.6.1.4.1.22420.2.5.1.1.24.2'),(659,'two_way_delay_max',38,1,3,54,'1.3.6.1.4.1.22420.2.5.1.1.25.2'),(660,'two_way_delay_avg',39,1,3,54,'1.3.6.1.4.1.22420.2.5.1.1.26.2'),(661,'two_way_dv_min',40,1,3,54,'1.3.6.1.4.1.22420.2.5.1.1.35.2'),(662,'two_way_dv_max',41,1,3,54,'1.3.6.1.4.1.22420.2.5.1.1.36.2'),(663,'two_way_dv_avg',42,1,3,54,'1.3.6.1.4.1.22420.2.5.1.1.37.2'),(664,'packet_loss_ne',56,1,3,54,'1.3.6.1.4.1.22420.2.5.1.1.4.2'),(665,'metric_counter_ua_time',62,1,3,54,'1.3.6.1.4.1.22420.2.12.1.2.4.1.2.2'),(666,'one_way_delay_min',31,1,3,54,'1.3.6.1.4.1.22420.2.5.1.1.46.2'),(667,'one_way_delay_max',32,1,3,55,'1.3.6.1.4.1.22420.2.5.1.1.47.4'),(668,'one_way_delay_avg',33,1,3,55,'1.3.6.1.4.1.22420.2.5.1.1.48.4'),(669,'one_way_dv_min',34,1,3,55,'1.3.6.1.4.1.22420.2.5.1.1.13.4'),(670,'one_way_dv_max',35,1,3,55,'1.3.6.1.4.1.22420.2.5.1.1.14.4'),(671,'one_way_dv_avg',36,1,3,55,'1.3.6.1.4.1.22420.2.5.1.1.15.4'),(672,'two_way_delay_min',37,1,3,55,'1.3.6.1.4.1.22420.2.5.1.1.24.4'),(673,'two_way_delay_max',38,1,3,55,'1.3.6.1.4.1.22420.2.5.1.1.25.4'),(674,'two_way_delay_avg',39,1,3,55,'1.3.6.1.4.1.22420.2.5.1.1.26.4'),(675,'two_way_dv_min',40,1,3,55,'1.3.6.1.4.1.22420.2.5.1.1.35.4'),(676,'two_way_dv_max',41,1,3,55,'1.3.6.1.4.1.22420.2.5.1.1.36.4'),(677,'two_way_dv_avg',42,1,3,55,'1.3.6.1.4.1.22420.2.5.1.1.37.4'),(678,'packet_loss_ne',56,1,3,55,'1.3.6.1.4.1.22420.2.5.1.1.4.4'),(679,'metric_counter_ua_time',62,1,3,55,'1.3.6.1.4.1.22420.2.12.1.2.4.1.2.4'),(680,'one_way_delay_min',31,1,3,55,'1.3.6.1.4.1.22420.2.5.1.1.46.4'),(681,'one_way_delay_max',32,1,3,56,'1.3.6.1.4.1.22420.2.5.1.1.47.5'),(682,'one_way_delay_avg',33,1,3,56,'1.3.6.1.4.1.22420.2.5.1.1.48.5'),(683,'one_way_dv_min',34,1,3,56,'1.3.6.1.4.1.22420.2.5.1.1.13.5'),(684,'one_way_dv_max',35,1,3,56,'1.3.6.1.4.1.22420.2.5.1.1.14.5'),(685,'one_way_dv_avg',36,1,3,56,'1.3.6.1.4.1.22420.2.5.1.1.15.5'),(686,'two_way_delay_min',37,1,3,56,'1.3.6.1.4.1.22420.2.5.1.1.24.5'),(687,'two_way_delay_max',38,1,3,56,'1.3.6.1.4.1.22420.2.5.1.1.25.5'),(688,'two_way_delay_avg',39,1,3,56,'1.3.6.1.4.1.22420.2.5.1.1.26.5'),(689,'two_way_dv_min',40,1,3,56,'1.3.6.1.4.1.22420.2.5.1.1.35.5'),(690,'two_way_dv_max',41,1,3,56,'1.3.6.1.4.1.22420.2.5.1.1.36.5'),(691,'two_way_dv_avg',42,1,3,56,'1.3.6.1.4.1.22420.2.5.1.1.37.5'),(692,'packet_loss_ne',56,1,3,56,'1.3.6.1.4.1.22420.2.5.1.1.4.5'),(693,'metric_counter_ua_time',62,1,3,56,'1.3.6.1.4.1.22420.2.12.1.2.4.1.2.5'),(694,'one_way_delay_min',31,1,3,56,'1.3.6.1.4.1.22420.2.5.1.1.46.5'),(695,'one_way_delay_max',32,1,3,57,'1.3.6.1.4.1.22420.2.5.1.1.47.6'),(696,'one_way_delay_avg',33,1,3,57,'1.3.6.1.4.1.22420.2.5.1.1.48.6'),(697,'one_way_dv_min',34,1,3,57,'1.3.6.1.4.1.22420.2.5.1.1.13.6'),(698,'one_way_dv_max',35,1,3,57,'1.3.6.1.4.1.22420.2.5.1.1.14.6'),(699,'one_way_dv_avg',36,1,3,57,'1.3.6.1.4.1.22420.2.5.1.1.15.6'),(700,'two_way_delay_min',37,1,3,57,'1.3.6.1.4.1.22420.2.5.1.1.24.6'),(701,'two_way_delay_max',38,1,3,57,'1.3.6.1.4.1.22420.2.5.1.1.25.6'),(702,'two_way_delay_avg',39,1,3,57,'1.3.6.1.4.1.22420.2.5.1.1.26.6'),(703,'two_way_dv_min',40,1,3,57,'1.3.6.1.4.1.22420.2.5.1.1.35.6'),(704,'two_way_dv_max',41,1,3,57,'1.3.6.1.4.1.22420.2.5.1.1.36.6'),(705,'two_way_dv_avg',42,1,3,57,'1.3.6.1.4.1.22420.2.5.1.1.37.6'),(706,'packet_loss_ne',56,1,3,57,'1.3.6.1.4.1.22420.2.5.1.1.4.6'),(707,'metric_counter_ua_time',62,1,3,57,'1.3.6.1.4.1.22420.2.12.1.2.4.1.2.6'),(708,'one_way_delay_min',31,1,3,57,'1.3.6.1.4.1.22420.2.5.1.1.46.6'),(709,'one_way_delay_max',32,1,3,58,'1.3.6.1.4.1.22420.2.5.1.1.47.7'),(710,'one_way_delay_avg',33,1,3,58,'1.3.6.1.4.1.22420.2.5.1.1.48.7'),(711,'one_way_dv_min',34,1,3,58,'1.3.6.1.4.1.22420.2.5.1.1.13.7'),(712,'one_way_dv_max',35,1,3,58,'1.3.6.1.4.1.22420.2.5.1.1.14.7'),(713,'one_way_dv_avg',36,1,3,58,'1.3.6.1.4.1.22420.2.5.1.1.15.7'),(714,'two_way_delay_min',37,1,3,58,'1.3.6.1.4.1.22420.2.5.1.1.24.7'),(715,'two_way_delay_max',38,1,3,58,'1.3.6.1.4.1.22420.2.5.1.1.25.7'),(716,'two_way_delay_avg',39,1,3,58,'1.3.6.1.4.1.22420.2.5.1.1.26.7'),(717,'two_way_dv_min',40,1,3,58,'1.3.6.1.4.1.22420.2.5.1.1.35.7'),(718,'two_way_dv_max',41,1,3,58,'1.3.6.1.4.1.22420.2.5.1.1.36.7'),(719,'two_way_dv_avg',42,1,3,58,'1.3.6.1.4.1.22420.2.5.1.1.37.7'),(720,'packet_loss_ne',56,1,3,58,'1.3.6.1.4.1.22420.2.5.1.1.4.7'),(721,'metric_counter_ua_time',62,1,3,58,'1.3.6.1.4.1.22420.2.12.1.2.4.1.2.7'),(722,'one_way_delay_min',31,1,3,58,'1.3.6.1.4.1.22420.2.5.1.1.46.7'),(723,'one_way_delay_max',32,1,3,59,'1.3.6.1.4.1.22420.2.5.1.1.47.8'),(724,'one_way_delay_avg',33,1,3,59,'1.3.6.1.4.1.22420.2.5.1.1.48.8'),(725,'one_way_dv_min',34,1,3,59,'1.3.6.1.4.1.22420.2.5.1.1.13.8'),(726,'one_way_dv_max',35,1,3,59,'1.3.6.1.4.1.22420.2.5.1.1.14.8'),(727,'one_way_dv_avg',36,1,3,59,'1.3.6.1.4.1.22420.2.5.1.1.15.8'),(728,'two_way_delay_min',37,1,3,59,'1.3.6.1.4.1.22420.2.5.1.1.24.8'),(729,'two_way_delay_max',38,1,3,59,'1.3.6.1.4.1.22420.2.5.1.1.25.8'),(730,'two_way_delay_avg',39,1,3,59,'1.3.6.1.4.1.22420.2.5.1.1.26.8'),(731,'two_way_dv_min',40,1,3,59,'1.3.6.1.4.1.22420.2.5.1.1.35.8'),(732,'two_way_dv_max',41,1,3,59,'1.3.6.1.4.1.22420.2.5.1.1.36.8'),(733,'two_way_dv_avg',42,1,3,59,'1.3.6.1.4.1.22420.2.5.1.1.37.8'),(734,'packet_loss_ne',56,1,3,59,'1.3.6.1.4.1.22420.2.5.1.1.4.8'),(735,'metric_counter_ua_time',62,1,3,59,'1.3.6.1.4.1.22420.2.12.1.2.4.1.2.8'),(736,'one_way_delay_min',31,1,3,59,'1.3.6.1.4.1.22420.2.5.1.1.46.8'),(737,'one_way_delay_max',32,0,3,51,'1.3.6.1.4.1.22420.2.5.1.1.47.1'),(738,'one_way_delay_avg',33,0,3,51,'1.3.6.1.4.1.22420.2.5.1.1.48.1'),(739,'one_way_dv_min',34,0,3,51,'1.3.6.1.4.1.22420.2.5.1.1.13.1'),(740,'one_way_dv_max',35,0,3,51,'1.3.6.1.4.1.22420.2.5.1.1.14.1'),(741,'one_way_dv_avg',36,0,3,51,'1.3.6.1.4.1.22420.2.5.1.1.15.1'),(742,'two_way_delay_min',37,0,3,51,'1.3.6.1.4.1.22420.2.5.1.1.24.1'),(743,'two_way_delay_max',38,0,3,51,'1.3.6.1.4.1.22420.2.5.1.1.25.1'),(744,'two_way_delay_avg',39,0,3,51,'1.3.6.1.4.1.22420.2.5.1.1.26.1'),(745,'two_way_dv_min',40,0,3,51,'1.3.6.1.4.1.22420.2.5.1.1.35.1'),(746,'two_way_dv_max',41,0,3,51,'1.3.6.1.4.1.22420.2.5.1.1.36.1'),(747,'two_way_dv_avg',42,0,3,51,'1.3.6.1.4.1.22420.2.5.1.1.37.1'),(748,'packet_loss_ne',56,0,3,51,'1.3.6.1.4.1.22420.2.5.1.1.4.1'),(749,'metric_counter_ua_time',62,0,3,51,'1.3.6.1.4.1.22420.2.12.1.2.4.1.2.1'),(750,'one_way_delay_min',31,0,3,51,'1.3.6.1.4.1.22420.2.5.1.1.46.1'),(751,'one_way_delay_max',32,0,3,54,'1.3.6.1.4.1.22420.2.5.1.1.47.2'),(752,'one_way_delay_avg',33,0,3,54,'1.3.6.1.4.1.22420.2.5.1.1.48.2'),(753,'one_way_dv_min',34,0,3,54,'1.3.6.1.4.1.22420.2.5.1.1.13.2'),(754,'one_way_dv_max',35,0,3,54,'1.3.6.1.4.1.22420.2.5.1.1.14.2'),(755,'one_way_dv_avg',36,0,3,54,'1.3.6.1.4.1.22420.2.5.1.1.15.2'),(756,'two_way_delay_min',37,0,3,54,'1.3.6.1.4.1.22420.2.5.1.1.24.2'),(757,'two_way_delay_max',38,0,3,54,'1.3.6.1.4.1.22420.2.5.1.1.25.2'),(758,'two_way_delay_avg',39,0,3,54,'1.3.6.1.4.1.22420.2.5.1.1.26.2'),(759,'two_way_dv_min',40,0,3,54,'1.3.6.1.4.1.22420.2.5.1.1.35.2'),(760,'two_way_dv_max',41,0,3,54,'1.3.6.1.4.1.22420.2.5.1.1.36.2'),(761,'two_way_dv_avg',42,0,3,54,'1.3.6.1.4.1.22420.2.5.1.1.37.2'),(762,'packet_loss_ne',56,0,3,54,'1.3.6.1.4.1.22420.2.5.1.1.4.2'),(763,'metric_counter_ua_time',62,0,3,54,'1.3.6.1.4.1.22420.2.12.1.2.4.1.2.2'),(764,'one_way_delay_min',31,0,3,54,'1.3.6.1.4.1.22420.2.5.1.1.46.2'),(765,'one_way_delay_max',32,0,3,52,'1.3.6.1.4.1.22420.2.5.1.1.47.3'),(766,'one_way_delay_avg',33,0,3,52,'1.3.6.1.4.1.22420.2.5.1.1.48.3'),(767,'one_way_dv_min',34,0,3,52,'1.3.6.1.4.1.22420.2.5.1.1.13.3'),(768,'one_way_dv_max',35,0,3,52,'1.3.6.1.4.1.22420.2.5.1.1.14.3'),(769,'one_way_dv_avg',36,0,3,52,'1.3.6.1.4.1.22420.2.5.1.1.15.3'),(770,'two_way_delay_min',37,0,3,52,'1.3.6.1.4.1.22420.2.5.1.1.24.3'),(771,'two_way_delay_max',38,0,3,52,'1.3.6.1.4.1.22420.2.5.1.1.25.3'),(772,'two_way_delay_avg',39,0,3,52,'1.3.6.1.4.1.22420.2.5.1.1.26.3'),(773,'two_way_dv_min',40,0,3,52,'1.3.6.1.4.1.22420.2.5.1.1.35.3'),(774,'two_way_dv_max',41,0,3,52,'1.3.6.1.4.1.22420.2.5.1.1.36.3'),(775,'two_way_dv_avg',42,0,3,52,'1.3.6.1.4.1.22420.2.5.1.1.37.3'),(776,'packet_loss_ne',56,0,3,52,'1.3.6.1.4.1.22420.2.5.1.1.4.3'),(777,'metric_counter_ua_time',62,0,3,52,'1.3.6.1.4.1.22420.2.12.1.2.4.1.2.3'),(778,'one_way_delay_min',31,0,3,52,'1.3.6.1.4.1.22420.2.5.1.1.46.3'),(779,'one_way_delay_max',32,0,3,55,'1.3.6.1.4.1.22420.2.5.1.1.47.4'),(780,'one_way_delay_avg',33,0,3,55,'1.3.6.1.4.1.22420.2.5.1.1.48.4'),(781,'one_way_dv_min',34,0,3,55,'1.3.6.1.4.1.22420.2.5.1.1.13.4'),(782,'one_way_dv_max',35,0,3,55,'1.3.6.1.4.1.22420.2.5.1.1.14.4'),(783,'one_way_dv_avg',36,0,3,55,'1.3.6.1.4.1.22420.2.5.1.1.15.4'),(784,'two_way_delay_min',37,0,3,55,'1.3.6.1.4.1.22420.2.5.1.1.24.4'),(785,'two_way_delay_max',38,0,3,55,'1.3.6.1.4.1.22420.2.5.1.1.25.4'),(786,'two_way_delay_avg',39,0,3,55,'1.3.6.1.4.1.22420.2.5.1.1.26.4'),(787,'two_way_dv_min',40,0,3,55,'1.3.6.1.4.1.22420.2.5.1.1.35.4'),(788,'two_way_dv_max',41,0,3,55,'1.3.6.1.4.1.22420.2.5.1.1.36.4'),(789,'two_way_dv_avg',42,0,3,55,'1.3.6.1.4.1.22420.2.5.1.1.37.4'),(790,'packet_loss_ne',56,0,3,55,'1.3.6.1.4.1.22420.2.5.1.1.4.4'),(791,'metric_counter_ua_time',62,0,3,55,'1.3.6.1.4.1.22420.2.12.1.2.4.1.2.4'),(792,'one_way_delay_min',31,0,3,55,'1.3.6.1.4.1.22420.2.5.1.1.46.4'),(793,'one_way_delay_max',32,0,3,56,'1.3.6.1.4.1.22420.2.5.1.1.47.5'),(794,'one_way_delay_avg',33,0,3,56,'1.3.6.1.4.1.22420.2.5.1.1.48.5'),(795,'one_way_dv_min',34,0,3,56,'1.3.6.1.4.1.22420.2.5.1.1.13.5'),(796,'one_way_dv_max',35,0,3,56,'1.3.6.1.4.1.22420.2.5.1.1.14.5'),(797,'one_way_dv_avg',36,0,3,56,'1.3.6.1.4.1.22420.2.5.1.1.15.5'),(798,'two_way_delay_min',37,0,3,56,'1.3.6.1.4.1.22420.2.5.1.1.24.5'),(799,'two_way_delay_max',38,0,3,56,'1.3.6.1.4.1.22420.2.5.1.1.25.5'),(800,'two_way_delay_avg',39,0,3,56,'1.3.6.1.4.1.22420.2.5.1.1.26.5'),(801,'two_way_dv_min',40,0,3,56,'1.3.6.1.4.1.22420.2.5.1.1.35.5'),(802,'two_way_dv_max',41,0,3,56,'1.3.6.1.4.1.22420.2.5.1.1.36.5'),(803,'two_way_dv_avg',42,0,3,56,'1.3.6.1.4.1.22420.2.5.1.1.37.5'),(804,'packet_loss_ne',56,0,3,56,'1.3.6.1.4.1.22420.2.5.1.1.4.5'),(805,'metric_counter_ua_time',62,0,3,56,'1.3.6.1.4.1.22420.2.12.1.2.4.1.2.5'),(806,'one_way_delay_min',31,0,3,56,'1.3.6.1.4.1.22420.2.5.1.1.46.5'),(807,'one_way_delay_max',32,0,3,57,'1.3.6.1.4.1.22420.2.5.1.1.47.6'),(808,'one_way_delay_avg',33,0,3,57,'1.3.6.1.4.1.22420.2.5.1.1.48.6'),(809,'one_way_dv_min',34,0,3,57,'1.3.6.1.4.1.22420.2.5.1.1.13.6'),(810,'one_way_dv_max',35,0,3,57,'1.3.6.1.4.1.22420.2.5.1.1.14.6'),(811,'one_way_dv_avg',36,0,3,57,'1.3.6.1.4.1.22420.2.5.1.1.15.6'),(812,'two_way_delay_min',37,0,3,57,'1.3.6.1.4.1.22420.2.5.1.1.24.6'),(813,'two_way_delay_max',38,0,3,57,'1.3.6.1.4.1.22420.2.5.1.1.25.6'),(814,'two_way_delay_avg',39,0,3,57,'1.3.6.1.4.1.22420.2.5.1.1.26.6'),(815,'two_way_dv_min',40,0,3,57,'1.3.6.1.4.1.22420.2.5.1.1.35.6'),(816,'two_way_dv_max',41,0,3,57,'1.3.6.1.4.1.22420.2.5.1.1.36.6'),(817,'two_way_dv_avg',42,0,3,57,'1.3.6.1.4.1.22420.2.5.1.1.37.6'),(818,'packet_loss_ne',56,0,3,57,'1.3.6.1.4.1.22420.2.5.1.1.4.6'),(819,'metric_counter_ua_time',62,0,3,57,'1.3.6.1.4.1.22420.2.12.1.2.4.1.2.6'),(820,'one_way_delay_min',31,0,3,57,'1.3.6.1.4.1.22420.2.5.1.1.46.6'),(821,'one_way_delay_max',32,0,3,58,'1.3.6.1.4.1.22420.2.5.1.1.47.7'),(822,'one_way_delay_avg',33,0,3,58,'1.3.6.1.4.1.22420.2.5.1.1.48.7'),(823,'one_way_dv_min',34,0,3,58,'1.3.6.1.4.1.22420.2.5.1.1.13.7'),(824,'one_way_dv_max',35,0,3,58,'1.3.6.1.4.1.22420.2.5.1.1.14.7'),(825,'one_way_dv_avg',36,0,3,58,'1.3.6.1.4.1.22420.2.5.1.1.15.7'),(826,'two_way_delay_min',37,0,3,58,'1.3.6.1.4.1.22420.2.5.1.1.24.7'),(827,'two_way_delay_max',38,0,3,58,'1.3.6.1.4.1.22420.2.5.1.1.25.7'),(828,'two_way_delay_avg',39,0,3,58,'1.3.6.1.4.1.22420.2.5.1.1.26.7'),(829,'two_way_dv_min',40,0,3,58,'1.3.6.1.4.1.22420.2.5.1.1.35.7'),(830,'two_way_dv_max',41,0,3,58,'1.3.6.1.4.1.22420.2.5.1.1.36.7'),(831,'two_way_dv_avg',42,0,3,58,'1.3.6.1.4.1.22420.2.5.1.1.37.7'),(832,'packet_loss_ne',56,0,3,58,'1.3.6.1.4.1.22420.2.5.1.1.4.7'),(833,'metric_counter_ua_time',62,0,3,58,'1.3.6.1.4.1.22420.2.12.1.2.4.1.2.7'),(834,'one_way_delay_min',31,0,3,58,'1.3.6.1.4.1.22420.2.5.1.1.46.7'),(835,'one_way_delay_max',32,0,3,59,'1.3.6.1.4.1.22420.2.5.1.1.47.8'),(836,'one_way_delay_avg',33,0,3,59,'1.3.6.1.4.1.22420.2.5.1.1.48.8'),(837,'one_way_dv_min',34,0,3,59,'1.3.6.1.4.1.22420.2.5.1.1.13.8'),(838,'one_way_dv_max',35,0,3,59,'1.3.6.1.4.1.22420.2.5.1.1.14.8'),(839,'one_way_dv_avg',36,0,3,59,'1.3.6.1.4.1.22420.2.5.1.1.15.8'),(840,'two_way_delay_min',37,0,3,59,'1.3.6.1.4.1.22420.2.5.1.1.24.8'),(841,'two_way_delay_max',38,0,3,59,'1.3.6.1.4.1.22420.2.5.1.1.25.8'),(842,'two_way_delay_avg',39,0,3,59,'1.3.6.1.4.1.22420.2.5.1.1.26.8'),(843,'two_way_dv_min',40,0,3,59,'1.3.6.1.4.1.22420.2.5.1.1.35.8'),(844,'two_way_dv_max',41,0,3,59,'1.3.6.1.4.1.22420.2.5.1.1.36.8'),(845,'two_way_dv_avg',42,0,3,59,'1.3.6.1.4.1.22420.2.5.1.1.37.8'),(846,'packet_loss_ne',56,0,3,59,'1.3.6.1.4.1.22420.2.5.1.1.4.8'),(847,'metric_counter_ua_time',62,0,3,59,'1.3.6.1.4.1.22420.2.12.1.2.4.1.2.8'),(848,'one_way_delay_min',31,0,3,59,'1.3.6.1.4.1.22420.2.5.1.1.46.8'),(849,'accept_max_rate',57,0,3,49,'1.3.6.1.4.1.22420.2.6.3.1.14.1'),(850,'accept_avg_rate',44,0,3,49,'1.3.6.1.4.1.22420.2.6.3.1.12.1'),(851,'accept_min_rate',60,0,3,49,'1.3.6.1.4.1.22420.2.6.3.1.13.1'),(852,'accept_current_rate',61,0,3,49,'1.3.6.1.4.1.22420.2.6.2.1.8.1'),(853,'accept_max_rate',57,0,3,50,'1.3.6.1.4.1.22420.2.6.3.1.14.2'),(854,'accept_avg_rate',44,0,3,50,'1.3.6.1.4.1.22420.2.6.3.1.12.2'),(855,'accept_min_rate',60,0,3,50,'1.3.6.1.4.1.22420.2.6.3.1.13.2'),(856,'accept_current_rate',61,0,3,50,'1.3.6.1.4.1.22420.2.6.2.1.8.2'),(1093,'accept_max_rate',57,1,6,89,'1.3.6.1.4.1.22420.2.6.3.1.14.1'),(1094,'accept_avg_rate',44,1,6,89,'1.3.6.1.4.1.22420.2.6.3.1.12.1'),(1095,'accept_min_rate',60,1,6,89,'1.3.6.1.4.1.22420.2.6.3.1.13.1'),(1096,'accept_current_rate',61,1,6,89,'1.3.6.1.4.1.22420.2.6.2.1.8.1'),(1097,'one_way_delay_max',32,1,6,90,'1.3.6.1.4.1.22420.2.5.1.1.47.1'),(1098,'one_way_delay_avg',33,1,6,90,'1.3.6.1.4.1.22420.2.5.1.1.48.1'),(1099,'one_way_dv_min',34,1,6,90,'1.3.6.1.4.1.22420.2.5.1.1.13.1'),(1100,'one_way_dv_max',35,1,6,90,'1.3.6.1.4.1.22420.2.5.1.1.14.1'),(1101,'one_way_dv_avg',36,1,6,90,'1.3.6.1.4.1.22420.2.5.1.1.15.1'),(1102,'two_way_delay_min',37,1,6,90,'1.3.6.1.4.1.22420.2.5.1.1.24.1'),(1103,'two_way_delay_max',38,1,6,90,'1.3.6.1.4.1.22420.2.5.1.1.25.1'),(1104,'two_way_delay_avg',39,1,6,90,'1.3.6.1.4.1.22420.2.5.1.1.26.1'),(1105,'two_way_dv_min',40,1,6,90,'1.3.6.1.4.1.22420.2.5.1.1.35.1'),(1106,'two_way_dv_max',41,1,6,90,'1.3.6.1.4.1.22420.2.5.1.1.36.1'),(1107,'two_way_dv_avg',42,1,6,90,'1.3.6.1.4.1.22420.2.5.1.1.37.1'),(1108,'packet_loss_ne',56,1,6,90,'1.3.6.1.4.1.22420.2.5.1.1.4.1'),(1109,'metric_counter_ua_time',62,1,6,90,'1.3.6.1.4.1.22420.2.12.1.2.4.1.2.1'),(1110,'one_way_delay_min',31,1,6,90,'1.3.6.1.4.1.22420.2.5.1.1.46.1'),(1111,'one_way_delay_max',32,1,6,91,'1.3.6.1.4.1.22420.2.5.1.1.47.2'),(1112,'one_way_delay_avg',33,1,6,91,'1.3.6.1.4.1.22420.2.5.1.1.48.2'),(1113,'one_way_dv_min',34,1,6,91,'1.3.6.1.4.1.22420.2.5.1.1.13.2'),(1114,'one_way_dv_max',35,1,6,91,'1.3.6.1.4.1.22420.2.5.1.1.14.2'),(1115,'one_way_dv_avg',36,1,6,91,'1.3.6.1.4.1.22420.2.5.1.1.15.2'),(1116,'two_way_delay_min',37,1,6,91,'1.3.6.1.4.1.22420.2.5.1.1.24.2'),(1117,'two_way_delay_max',38,1,6,91,'1.3.6.1.4.1.22420.2.5.1.1.25.2'),(1118,'two_way_delay_avg',39,1,6,91,'1.3.6.1.4.1.22420.2.5.1.1.26.2'),(1119,'two_way_dv_min',40,1,6,91,'1.3.6.1.4.1.22420.2.5.1.1.35.2'),(1121,'two_way_dv_max',41,1,6,91,'1.3.6.1.4.1.22420.2.5.1.1.36.2'),(1123,'two_way_dv_avg',42,1,6,91,'1.3.6.1.4.1.22420.2.5.1.1.37.2'),(1125,'packet_loss_ne',56,1,6,91,'1.3.6.1.4.1.22420.2.5.1.1.4.2'),(1127,'metric_counter_ua_time',62,1,6,91,'1.3.6.1.4.1.22420.2.12.1.2.4.1.2.2'),(1129,'one_way_delay_min',31,1,6,91,'1.3.6.1.4.1.22420.2.5.1.1.46.2'),(1134,'one_way_delay_max',32,1,6,93,'1.3.6.1.4.1.22420.2.5.1.1.47.3'),(1136,'one_way_delay_avg',33,1,6,93,'1.3.6.1.4.1.22420.2.5.1.1.48.3'),(1138,'one_way_dv_min',34,1,6,93,'1.3.6.1.4.1.22420.2.5.1.1.13.3'),(1140,'one_way_dv_max',35,1,6,93,'1.3.6.1.4.1.22420.2.5.1.1.14.3'),(1142,'one_way_dv_avg',36,1,6,93,'1.3.6.1.4.1.22420.2.5.1.1.15.3'),(1144,'two_way_delay_min',37,1,6,93,'1.3.6.1.4.1.22420.2.5.1.1.24.3'),(1145,'two_way_delay_max',38,1,6,93,'1.3.6.1.4.1.22420.2.5.1.1.25.3'),(1146,'two_way_delay_avg',39,1,6,93,'1.3.6.1.4.1.22420.2.5.1.1.26.3'),(1147,'two_way_dv_min',40,1,6,93,'1.3.6.1.4.1.22420.2.5.1.1.35.3'),(1148,'two_way_dv_max',41,1,6,93,'1.3.6.1.4.1.22420.2.5.1.1.36.3'),(1149,'two_way_dv_avg',42,1,6,93,'1.3.6.1.4.1.22420.2.5.1.1.37.3'),(1151,'packet_loss_ne',56,1,6,93,'1.3.6.1.4.1.22420.2.5.1.1.4.3'),(1153,'metric_counter_ua_time',62,1,6,93,'1.3.6.1.4.1.22420.2.12.1.2.4.1.2.3'),(1155,'one_way_delay_min',31,1,6,93,'1.3.6.1.4.1.22420.2.5.1.1.46.3'),(1160,'one_way_delay_max',32,1,6,95,'1.3.6.1.4.1.22420.2.5.1.1.47.4'),(1162,'one_way_delay_avg',33,1,6,95,'1.3.6.1.4.1.22420.2.5.1.1.48.4'),(1164,'one_way_dv_min',34,1,6,95,'1.3.6.1.4.1.22420.2.5.1.1.13.4'),(1166,'one_way_dv_max',35,1,6,95,'1.3.6.1.4.1.22420.2.5.1.1.14.4'),(1168,'one_way_dv_avg',36,1,6,95,'1.3.6.1.4.1.22420.2.5.1.1.15.4'),(1170,'two_way_delay_min',37,1,6,95,'1.3.6.1.4.1.22420.2.5.1.1.24.4'),(1172,'two_way_delay_max',38,1,6,95,'1.3.6.1.4.1.22420.2.5.1.1.25.4'),(1174,'two_way_delay_avg',39,1,6,95,'1.3.6.1.4.1.22420.2.5.1.1.26.4'),(1175,'two_way_dv_min',40,1,6,95,'1.3.6.1.4.1.22420.2.5.1.1.35.4'),(1177,'two_way_dv_max',41,1,6,95,'1.3.6.1.4.1.22420.2.5.1.1.36.4'),(1179,'two_way_dv_avg',42,1,6,95,'1.3.6.1.4.1.22420.2.5.1.1.37.4'),(1181,'packet_loss_ne',56,1,6,95,'1.3.6.1.4.1.22420.2.5.1.1.4.4'),(1183,'metric_counter_ua_time',62,1,6,95,'1.3.6.1.4.1.22420.2.12.1.2.4.1.2.4'),(1185,'one_way_delay_min',31,1,6,95,'1.3.6.1.4.1.22420.2.5.1.1.46.4'),(1190,'one_way_delay_max',32,1,6,97,'1.3.6.1.4.1.22420.2.5.1.1.47.5'),(1192,'one_way_delay_avg',33,1,6,97,'1.3.6.1.4.1.22420.2.5.1.1.48.5'),(1194,'one_way_dv_min',34,1,6,97,'1.3.6.1.4.1.22420.2.5.1.1.13.5'),(1196,'one_way_dv_max',35,1,6,97,'1.3.6.1.4.1.22420.2.5.1.1.14.5'),(1198,'one_way_dv_avg',36,1,6,97,'1.3.6.1.4.1.22420.2.5.1.1.15.5'),(1200,'two_way_delay_min',37,1,6,97,'1.3.6.1.4.1.22420.2.5.1.1.24.5'),(1201,'two_way_delay_max',38,1,6,97,'1.3.6.1.4.1.22420.2.5.1.1.25.5'),(1202,'two_way_delay_avg',39,1,6,97,'1.3.6.1.4.1.22420.2.5.1.1.26.5'),(1203,'two_way_dv_min',40,1,6,97,'1.3.6.1.4.1.22420.2.5.1.1.35.5'),(1205,'two_way_dv_max',41,1,6,97,'1.3.6.1.4.1.22420.2.5.1.1.36.5'),(1207,'two_way_dv_avg',42,1,6,97,'1.3.6.1.4.1.22420.2.5.1.1.37.5'),(1209,'packet_loss_ne',56,1,6,97,'1.3.6.1.4.1.22420.2.5.1.1.4.5'),(1211,'metric_counter_ua_time',62,1,6,97,'1.3.6.1.4.1.22420.2.12.1.2.4.1.2.5'),(1213,'one_way_delay_min',31,1,6,97,'1.3.6.1.4.1.22420.2.5.1.1.46.5'),(1218,'one_way_delay_max',32,1,6,99,'1.3.6.1.4.1.22420.2.5.1.1.47.6'),(1220,'one_way_delay_avg',33,1,6,99,'1.3.6.1.4.1.22420.2.5.1.1.48.6'),(1222,'one_way_dv_min',34,1,6,99,'1.3.6.1.4.1.22420.2.5.1.1.13.6'),(1224,'one_way_dv_max',35,1,6,99,'1.3.6.1.4.1.22420.2.5.1.1.14.6'),(1226,'one_way_dv_avg',36,1,6,99,'1.3.6.1.4.1.22420.2.5.1.1.15.6'),(1228,'two_way_delay_min',37,1,6,99,'1.3.6.1.4.1.22420.2.5.1.1.24.6'),(1229,'two_way_delay_max',38,1,6,99,'1.3.6.1.4.1.22420.2.5.1.1.25.6'),(1230,'two_way_delay_avg',39,1,6,99,'1.3.6.1.4.1.22420.2.5.1.1.26.6'),(1232,'two_way_dv_min',40,1,6,99,'1.3.6.1.4.1.22420.2.5.1.1.35.6'),(1233,'two_way_dv_max',41,1,6,99,'1.3.6.1.4.1.22420.2.5.1.1.36.6'),(1235,'two_way_dv_avg',42,1,6,99,'1.3.6.1.4.1.22420.2.5.1.1.37.6'),(1237,'packet_loss_ne',56,1,6,99,'1.3.6.1.4.1.22420.2.5.1.1.4.6'),(1239,'metric_counter_ua_time',62,1,6,99,'1.3.6.1.4.1.22420.2.12.1.2.4.1.2.6'),(1241,'one_way_delay_min',31,1,6,99,'1.3.6.1.4.1.22420.2.5.1.1.46.6'),(1244,'one_way_delay_max',32,1,6,101,'1.3.6.1.4.1.22420.2.5.1.1.47.7'),(1246,'one_way_delay_avg',33,1,6,101,'1.3.6.1.4.1.22420.2.5.1.1.48.7'),(1248,'one_way_dv_min',34,1,6,101,'1.3.6.1.4.1.22420.2.5.1.1.13.7'),(1250,'one_way_dv_max',35,1,6,101,'1.3.6.1.4.1.22420.2.5.1.1.14.7'),(1252,'one_way_dv_avg',36,1,6,101,'1.3.6.1.4.1.22420.2.5.1.1.15.7'),(1254,'two_way_delay_min',37,1,6,101,'1.3.6.1.4.1.22420.2.5.1.1.24.7'),(1256,'two_way_delay_max',38,1,6,101,'1.3.6.1.4.1.22420.2.5.1.1.25.7'),(1258,'two_way_delay_avg',39,1,6,101,'1.3.6.1.4.1.22420.2.5.1.1.26.7'),(1259,'two_way_dv_min',40,1,6,101,'1.3.6.1.4.1.22420.2.5.1.1.35.7'),(1260,'two_way_dv_max',41,1,6,101,'1.3.6.1.4.1.22420.2.5.1.1.36.7'),(1261,'two_way_dv_avg',42,1,6,101,'1.3.6.1.4.1.22420.2.5.1.1.37.7'),(1263,'packet_loss_ne',56,1,6,101,'1.3.6.1.4.1.22420.2.5.1.1.4.7'),(1265,'metric_counter_ua_time',62,1,6,101,'1.3.6.1.4.1.22420.2.12.1.2.4.1.2.7'),(1267,'one_way_delay_min',31,1,6,101,'1.3.6.1.4.1.22420.2.5.1.1.46.7'),(1272,'one_way_delay_max',32,1,6,103,'1.3.6.1.4.1.22420.2.5.1.1.47.8'),(1274,'one_way_delay_avg',33,1,6,103,'1.3.6.1.4.1.22420.2.5.1.1.48.8'),(1276,'one_way_dv_min',34,1,6,103,'1.3.6.1.4.1.22420.2.5.1.1.13.8'),(1278,'one_way_dv_max',35,1,6,103,'1.3.6.1.4.1.22420.2.5.1.1.14.8'),(1280,'one_way_dv_avg',36,1,6,103,'1.3.6.1.4.1.22420.2.5.1.1.15.8'),(1282,'two_way_delay_min',37,1,6,103,'1.3.6.1.4.1.22420.2.5.1.1.24.8'),(1284,'two_way_delay_max',38,1,6,103,'1.3.6.1.4.1.22420.2.5.1.1.25.8'),(1286,'two_way_delay_avg',39,1,6,103,'1.3.6.1.4.1.22420.2.5.1.1.26.8'),(1287,'two_way_dv_min',40,1,6,103,'1.3.6.1.4.1.22420.2.5.1.1.35.8'),(1288,'two_way_dv_max',41,1,6,103,'1.3.6.1.4.1.22420.2.5.1.1.36.8'),(1289,'two_way_dv_avg',42,1,6,103,'1.3.6.1.4.1.22420.2.5.1.1.37.8'),(1291,'packet_loss_ne',56,1,6,103,'1.3.6.1.4.1.22420.2.5.1.1.4.8'),(1293,'metric_counter_ua_time',62,1,6,103,'1.3.6.1.4.1.22420.2.12.1.2.4.1.2.8'),(1295,'one_way_delay_min',31,1,6,103,'1.3.6.1.4.1.22420.2.5.1.1.46.8'),(1329,'accept_max_rate',57,0,6,89,'1.3.6.1.4.1.22420.2.6.3.1.14.1'),(1330,'accept_avg_rate',44,0,6,89,'1.3.6.1.4.1.22420.2.6.3.1.12.1'),(1331,'accept_min_rate',60,0,6,89,'1.3.6.1.4.1.22420.2.6.3.1.13.1'),(1332,'accept_current_rate',61,0,6,89,'1.3.6.1.4.1.22420.2.6.2.1.8.1'),(1333,'one_way_delay_max',32,0,6,90,'1.3.6.1.4.1.22420.2.5.1.1.47.1'),(1334,'one_way_delay_avg',33,0,6,90,'1.3.6.1.4.1.22420.2.5.1.1.48.1'),(1335,'one_way_dv_min',34,0,6,90,'1.3.6.1.4.1.22420.2.5.1.1.13.1'),(1336,'one_way_dv_max',35,0,6,90,'1.3.6.1.4.1.22420.2.5.1.1.14.1'),(1337,'one_way_dv_avg',36,0,6,90,'1.3.6.1.4.1.22420.2.5.1.1.15.1'),(1338,'two_way_delay_min',37,0,6,90,'1.3.6.1.4.1.22420.2.5.1.1.24.1'),(1339,'two_way_delay_max',38,0,6,90,'1.3.6.1.4.1.22420.2.5.1.1.25.1'),(1340,'two_way_delay_avg',39,0,6,90,'1.3.6.1.4.1.22420.2.5.1.1.26.1'),(1341,'two_way_dv_min',40,0,6,90,'1.3.6.1.4.1.22420.2.5.1.1.35.1'),(1342,'two_way_dv_max',41,0,6,90,'1.3.6.1.4.1.22420.2.5.1.1.36.1'),(1343,'two_way_dv_avg',42,0,6,90,'1.3.6.1.4.1.22420.2.5.1.1.37.1'),(1344,'packet_loss_ne',56,0,6,90,'1.3.6.1.4.1.22420.2.5.1.1.4.1'),(1345,'metric_counter_ua_time',62,0,6,90,'1.3.6.1.4.1.22420.2.12.1.2.4.1.2.1'),(1346,'one_way_delay_min',31,0,6,90,'1.3.6.1.4.1.22420.2.5.1.1.46.1'),(1347,'one_way_delay_max',32,0,6,91,'1.3.6.1.4.1.22420.2.5.1.1.47.2'),(1348,'one_way_delay_avg',33,0,6,91,'1.3.6.1.4.1.22420.2.5.1.1.48.2'),(1349,'one_way_dv_min',34,0,6,91,'1.3.6.1.4.1.22420.2.5.1.1.13.2'),(1350,'one_way_dv_max',35,0,6,91,'1.3.6.1.4.1.22420.2.5.1.1.14.2'),(1351,'one_way_dv_avg',36,0,6,91,'1.3.6.1.4.1.22420.2.5.1.1.15.2'),(1352,'two_way_delay_min',37,0,6,91,'1.3.6.1.4.1.22420.2.5.1.1.24.2'),(1353,'two_way_delay_max',38,0,6,91,'1.3.6.1.4.1.22420.2.5.1.1.25.2'),(1354,'two_way_delay_avg',39,0,6,91,'1.3.6.1.4.1.22420.2.5.1.1.26.2'),(1355,'two_way_dv_min',40,0,6,91,'1.3.6.1.4.1.22420.2.5.1.1.35.2'),(1356,'two_way_dv_max',41,0,6,91,'1.3.6.1.4.1.22420.2.5.1.1.36.2'),(1357,'two_way_dv_avg',42,0,6,91,'1.3.6.1.4.1.22420.2.5.1.1.37.2'),(1358,'packet_loss_ne',56,0,6,91,'1.3.6.1.4.1.22420.2.5.1.1.4.2'),(1359,'metric_counter_ua_time',62,0,6,91,'1.3.6.1.4.1.22420.2.12.1.2.4.1.2.2'),(1360,'one_way_delay_min',31,0,6,91,'1.3.6.1.4.1.22420.2.5.1.1.46.2'),(1361,'one_way_delay_max',32,0,6,93,'1.3.6.1.4.1.22420.2.5.1.1.47.3'),(1362,'one_way_delay_avg',33,0,6,93,'1.3.6.1.4.1.22420.2.5.1.1.48.3'),(1363,'one_way_dv_min',34,0,6,93,'1.3.6.1.4.1.22420.2.5.1.1.13.3'),(1364,'one_way_dv_max',35,0,6,93,'1.3.6.1.4.1.22420.2.5.1.1.14.3'),(1365,'one_way_dv_avg',36,0,6,93,'1.3.6.1.4.1.22420.2.5.1.1.15.3'),(1366,'two_way_delay_min',37,0,6,93,'1.3.6.1.4.1.22420.2.5.1.1.24.3'),(1367,'two_way_delay_max',38,0,6,93,'1.3.6.1.4.1.22420.2.5.1.1.25.3'),(1368,'two_way_delay_avg',39,0,6,93,'1.3.6.1.4.1.22420.2.5.1.1.26.3'),(1369,'two_way_dv_min',40,0,6,93,'1.3.6.1.4.1.22420.2.5.1.1.35.3'),(1370,'two_way_dv_max',41,0,6,93,'1.3.6.1.4.1.22420.2.5.1.1.36.3'),(1371,'two_way_dv_avg',42,0,6,93,'1.3.6.1.4.1.22420.2.5.1.1.37.3'),(1372,'packet_loss_ne',56,0,6,93,'1.3.6.1.4.1.22420.2.5.1.1.4.3'),(1373,'metric_counter_ua_time',62,0,6,93,'1.3.6.1.4.1.22420.2.12.1.2.4.1.2.3'),(1374,'one_way_delay_min',31,0,6,93,'1.3.6.1.4.1.22420.2.5.1.1.46.3'),(1375,'one_way_delay_max',32,0,6,95,'1.3.6.1.4.1.22420.2.5.1.1.47.4'),(1376,'one_way_delay_avg',33,0,6,95,'1.3.6.1.4.1.22420.2.5.1.1.48.4'),(1377,'one_way_dv_min',34,0,6,95,'1.3.6.1.4.1.22420.2.5.1.1.13.4'),(1378,'one_way_dv_max',35,0,6,95,'1.3.6.1.4.1.22420.2.5.1.1.14.4'),(1379,'one_way_dv_avg',36,0,6,95,'1.3.6.1.4.1.22420.2.5.1.1.15.4'),(1380,'two_way_delay_min',37,0,6,95,'1.3.6.1.4.1.22420.2.5.1.1.24.4'),(1381,'two_way_delay_max',38,0,6,95,'1.3.6.1.4.1.22420.2.5.1.1.25.4'),(1382,'two_way_delay_avg',39,0,6,95,'1.3.6.1.4.1.22420.2.5.1.1.26.4'),(1383,'two_way_dv_min',40,0,6,95,'1.3.6.1.4.1.22420.2.5.1.1.35.4'),(1384,'two_way_dv_max',41,0,6,95,'1.3.6.1.4.1.22420.2.5.1.1.36.4'),(1385,'two_way_dv_avg',42,0,6,95,'1.3.6.1.4.1.22420.2.5.1.1.37.4'),(1386,'packet_loss_ne',56,0,6,95,'1.3.6.1.4.1.22420.2.5.1.1.4.4'),(1387,'metric_counter_ua_time',62,0,6,95,'1.3.6.1.4.1.22420.2.12.1.2.4.1.2.4'),(1388,'one_way_delay_min',31,0,6,95,'1.3.6.1.4.1.22420.2.5.1.1.46.4'),(1389,'one_way_delay_max',32,0,6,97,'1.3.6.1.4.1.22420.2.5.1.1.47.5'),(1390,'one_way_delay_avg',33,0,6,97,'1.3.6.1.4.1.22420.2.5.1.1.48.5'),(1391,'one_way_dv_min',34,0,6,97,'1.3.6.1.4.1.22420.2.5.1.1.13.5'),(1392,'one_way_dv_max',35,0,6,97,'1.3.6.1.4.1.22420.2.5.1.1.14.5'),(1393,'one_way_dv_avg',36,0,6,97,'1.3.6.1.4.1.22420.2.5.1.1.15.5'),(1394,'two_way_delay_min',37,0,6,97,'1.3.6.1.4.1.22420.2.5.1.1.24.5'),(1395,'two_way_delay_max',38,0,6,97,'1.3.6.1.4.1.22420.2.5.1.1.25.5'),(1396,'two_way_delay_avg',39,0,6,97,'1.3.6.1.4.1.22420.2.5.1.1.26.5'),(1397,'two_way_dv_min',40,0,6,97,'1.3.6.1.4.1.22420.2.5.1.1.35.5'),(1398,'two_way_dv_max',41,0,6,97,'1.3.6.1.4.1.22420.2.5.1.1.36.5'),(1399,'two_way_dv_avg',42,0,6,97,'1.3.6.1.4.1.22420.2.5.1.1.37.5'),(1400,'packet_loss_ne',56,0,6,97,'1.3.6.1.4.1.22420.2.5.1.1.4.5'),(1401,'metric_counter_ua_time',62,0,6,97,'1.3.6.1.4.1.22420.2.12.1.2.4.1.2.5'),(1402,'one_way_delay_min',31,0,6,97,'1.3.6.1.4.1.22420.2.5.1.1.46.5'),(1403,'one_way_delay_max',32,0,6,99,'1.3.6.1.4.1.22420.2.5.1.1.47.6'),(1404,'one_way_delay_avg',33,0,6,99,'1.3.6.1.4.1.22420.2.5.1.1.48.6'),(1405,'one_way_dv_min',34,0,6,99,'1.3.6.1.4.1.22420.2.5.1.1.13.6'),(1406,'one_way_dv_max',35,0,6,99,'1.3.6.1.4.1.22420.2.5.1.1.14.6'),(1407,'one_way_dv_avg',36,0,6,99,'1.3.6.1.4.1.22420.2.5.1.1.15.6'),(1408,'two_way_delay_min',37,0,6,99,'1.3.6.1.4.1.22420.2.5.1.1.24.6'),(1409,'two_way_delay_max',38,0,6,99,'1.3.6.1.4.1.22420.2.5.1.1.25.6'),(1410,'two_way_delay_avg',39,0,6,99,'1.3.6.1.4.1.22420.2.5.1.1.26.6'),(1411,'two_way_dv_min',40,0,6,99,'1.3.6.1.4.1.22420.2.5.1.1.35.6'),(1412,'two_way_dv_max',41,0,6,99,'1.3.6.1.4.1.22420.2.5.1.1.36.6'),(1413,'two_way_dv_avg',42,0,6,99,'1.3.6.1.4.1.22420.2.5.1.1.37.6'),(1414,'packet_loss_ne',56,0,6,99,'1.3.6.1.4.1.22420.2.5.1.1.4.6'),(1415,'metric_counter_ua_time',62,0,6,99,'1.3.6.1.4.1.22420.2.12.1.2.4.1.2.6'),(1416,'one_way_delay_min',31,0,6,99,'1.3.6.1.4.1.22420.2.5.1.1.46.6'),(1417,'one_way_delay_max',32,0,6,101,'1.3.6.1.4.1.22420.2.5.1.1.47.7'),(1418,'one_way_delay_avg',33,0,6,101,'1.3.6.1.4.1.22420.2.5.1.1.48.7'),(1419,'one_way_dv_min',34,0,6,101,'1.3.6.1.4.1.22420.2.5.1.1.13.7'),(1420,'one_way_dv_max',35,0,6,101,'1.3.6.1.4.1.22420.2.5.1.1.14.7'),(1421,'one_way_dv_avg',36,0,6,101,'1.3.6.1.4.1.22420.2.5.1.1.15.7'),(1422,'two_way_delay_min',37,0,6,101,'1.3.6.1.4.1.22420.2.5.1.1.24.7'),(1423,'two_way_delay_max',38,0,6,101,'1.3.6.1.4.1.22420.2.5.1.1.25.7'),(1424,'two_way_delay_avg',39,0,6,101,'1.3.6.1.4.1.22420.2.5.1.1.26.7'),(1425,'two_way_dv_min',40,0,6,101,'1.3.6.1.4.1.22420.2.5.1.1.35.7'),(1426,'two_way_dv_max',41,0,6,101,'1.3.6.1.4.1.22420.2.5.1.1.36.7'),(1427,'two_way_dv_avg',42,0,6,101,'1.3.6.1.4.1.22420.2.5.1.1.37.7'),(1428,'packet_loss_ne',56,0,6,101,'1.3.6.1.4.1.22420.2.5.1.1.4.7'),(1429,'metric_counter_ua_time',62,0,6,101,'1.3.6.1.4.1.22420.2.12.1.2.4.1.2.7'),(1430,'one_way_delay_min',31,0,6,101,'1.3.6.1.4.1.22420.2.5.1.1.46.7'),(1431,'one_way_delay_max',32,0,6,103,'1.3.6.1.4.1.22420.2.5.1.1.47.8'),(1432,'one_way_delay_avg',33,0,6,103,'1.3.6.1.4.1.22420.2.5.1.1.48.8'),(1433,'one_way_dv_min',34,0,6,103,'1.3.6.1.4.1.22420.2.5.1.1.13.8'),(1434,'one_way_dv_max',35,0,6,103,'1.3.6.1.4.1.22420.2.5.1.1.14.8'),(1435,'one_way_dv_avg',36,0,6,103,'1.3.6.1.4.1.22420.2.5.1.1.15.8'),(1436,'two_way_delay_min',37,0,6,103,'1.3.6.1.4.1.22420.2.5.1.1.24.8'),(1437,'two_way_delay_max',38,0,6,103,'1.3.6.1.4.1.22420.2.5.1.1.25.8'),(1438,'two_way_delay_avg',39,0,6,103,'1.3.6.1.4.1.22420.2.5.1.1.26.8'),(1439,'two_way_dv_min',40,0,6,103,'1.3.6.1.4.1.22420.2.5.1.1.35.8'),(1440,'two_way_dv_max',41,0,6,103,'1.3.6.1.4.1.22420.2.5.1.1.36.8'),(1441,'two_way_dv_avg',42,0,6,103,'1.3.6.1.4.1.22420.2.5.1.1.37.8'),(1442,'packet_loss_ne',56,0,6,103,'1.3.6.1.4.1.22420.2.5.1.1.4.8'),(1443,'metric_counter_ua_time',62,0,6,103,'1.3.6.1.4.1.22420.2.12.1.2.4.1.2.8'),(1444,'one_way_delay_min',31,0,6,103,'1.3.6.1.4.1.22420.2.5.1.1.46.8');
/*!40000 ALTER TABLE `sensor` ENABLE KEYS */;
UNLOCK TABLES;

--
-- Table structure for table `sla`
--

DROP TABLE IF EXISTS `sla`;
/*!40101 SET @saved_cs_client     = @@character_set_client */;
/*!40101 SET character_set_client = utf8 */;
CREATE TABLE `sla` (
  `id` int(11) NOT NULL AUTO_INCREMENT,
  `create_time` datetime NOT NULL,
  `name` varchar(30) NOT NULL,
  PRIMARY KEY (`id`),
  UNIQUE KEY `name` (`name`)
) ENGINE=InnoDB AUTO_INCREMENT=76 DEFAULT CHARSET=utf8;
/*!40101 SET character_set_client = @saved_cs_client */;

--
-- Dumping data for table `sla`
--

LOCK TABLES `sla` WRITE;
/*!40000 ALTER TABLE `sla` DISABLE KEYS */;
INSERT INTO `sla` VALUES (73,'2015-07-13 19:09:01','Gold'),(75,'2015-07-14 12:16:16','Bronze');
/*!40000 ALTER TABLE `sla` ENABLE KEYS */;
UNLOCK TABLES;

--
-- Table structure for table `sla_kpi`
--

DROP TABLE IF EXISTS `sla_kpi`;
/*!40101 SET @saved_cs_client     = @@character_set_client */;
/*!40101 SET character_set_client = utf8 */;
CREATE TABLE `sla_kpi` (
  `id` int(11) NOT NULL AUTO_INCREMENT,
  `create_time` datetime DEFAULT NULL,
  `level` tinyint(1) NOT NULL,
  `condition_type` int(11) NOT NULL,
  `kpis_id` int(11) NOT NULL,
  `value` float NOT NULL,
  `sla_id` int(11) NOT NULL,
  PRIMARY KEY (`id`),
  UNIQUE KEY `sla_id_kpi_type` (`sla_id`,`kpis_id`),
  KEY `kpis_id` (`kpis_id`),
  CONSTRAINT `sla_kpi_ibfk_1` FOREIGN KEY (`sla_id`) REFERENCES `sla` (`id`) ON DELETE CASCADE ON UPDATE CASCADE,
  CONSTRAINT `sla_kpi_ibfk_2` FOREIGN KEY (`kpis_id`) REFERENCES `kpis` (`id`) ON DELETE CASCADE ON UPDATE CASCADE
) ENGINE=InnoDB AUTO_INCREMENT=133 DEFAULT CHARSET=utf8;
/*!40101 SET character_set_client = @saved_cs_client */;

--
-- Dumping data for table `sla_kpi`
--

LOCK TABLES `sla_kpi` WRITE;
/*!40000 ALTER TABLE `sla_kpi` DISABLE KEYS */;
INSERT INTO `sla_kpi` VALUES (127,'2015-08-31 08:27:56',2,2,39,200,75),(128,'2015-08-31 08:27:56',3,2,33,1,75),(129,'2015-09-09 13:10:01',2,1,44,120,73),(130,'2015-09-09 13:10:01',2,2,42,1,73),(131,'2015-09-09 13:10:01',4,2,37,1,73),(132,'2015-09-09 13:10:01',3,2,36,1,73);
/*!40000 ALTER TABLE `sla_kpi` ENABLE KEYS */;
UNLOCK TABLES;

--
-- Table structure for table `snmp_config`
--

DROP TABLE IF EXISTS `snmp_config`;
/*!40101 SET @saved_cs_client     = @@character_set_client */;
/*!40101 SET character_set_client = utf8 */;
CREATE TABLE `snmp_config` (
  `id` int(11) NOT NULL AUTO_INCREMENT,
  `auto_discovery` int(11) NOT NULL,
  `auto_discovery_interval` int(11) NOT NULL,
  `sla_changed` int(11) NOT NULL,
  `delete` int(11) NOT NULL,
  `enable_ldap` int(11) NOT NULL,
  PRIMARY KEY (`id`)
) ENGINE=InnoDB AUTO_INCREMENT=2 DEFAULT CHARSET=latin1;
/*!40101 SET character_set_client = @saved_cs_client */;

--
-- Dumping data for table `snmp_config`
--

LOCK TABLES `snmp_config` WRITE;
/*!40000 ALTER TABLE `snmp_config` DISABLE KEYS */;
INSERT INTO `snmp_config` VALUES (1,1,10,0,0,0);
/*!40000 ALTER TABLE `snmp_config` ENABLE KEYS */;
UNLOCK TABLES;

--
-- Table structure for table `user`
--

DROP TABLE IF EXISTS `user`;
/*!40101 SET @saved_cs_client     = @@character_set_client */;
/*!40101 SET character_set_client = utf8 */;
CREATE TABLE `user` (
  `id` int(11) NOT NULL AUTO_INCREMENT,
  `username` varchar(50) NOT NULL,
  `email` varchar(50) DEFAULT NULL,
  `time_zone` int(11) DEFAULT NULL,
  `mobile` varchar(50) DEFAULT NULL,
  `password` varchar(50) NOT NULL,
  `admin` tinyint(1) DEFAULT NULL,
  `join_date` datetime DEFAULT NULL,
  `active` tinyint(1) DEFAULT NULL,
  `submitter_id` int(11) DEFAULT NULL,
  PRIMARY KEY (`id`),
  UNIQUE KEY `username` (`username`),
  UNIQUE KEY `email` (`email`),
  KEY `submitter_id` (`submitter_id`),
  CONSTRAINT `user_ibfk_1` FOREIGN KEY (`submitter_id`) REFERENCES `user` (`id`)
) ENGINE=InnoDB AUTO_INCREMENT=3 DEFAULT CHARSET=utf8;
/*!40101 SET character_set_client = @saved_cs_client */;

--
-- Dumping data for table `user`
--

LOCK TABLES `user` WRITE;
/*!40000 ALTER TABLE `user` DISABLE KEYS */;
INSERT INTO `user` VALUES (2,'admin','user@argus.com',105,'1239549545233','af6c3$a0fec0d022676d9d5666d0c3016af593604d1160',1,'2015-01-22 15:07:32',1,NULL);
/*!40000 ALTER TABLE `user` ENABLE KEYS */;
UNLOCK TABLES;
/*!40103 SET TIME_ZONE=@OLD_TIME_ZONE */;

/*!40101 SET SQL_MODE=@OLD_SQL_MODE */;
/*!40014 SET FOREIGN_KEY_CHECKS=@OLD_FOREIGN_KEY_CHECKS */;
/*!40014 SET UNIQUE_CHECKS=@OLD_UNIQUE_CHECKS */;
/*!40101 SET CHARACTER_SET_CLIENT=@OLD_CHARACTER_SET_CLIENT */;
/*!40101 SET CHARACTER_SET_RESULTS=@OLD_CHARACTER_SET_RESULTS */;
/*!40101 SET COLLATION_CONNECTION=@OLD_COLLATION_CONNECTION */;
/*!40111 SET SQL_NOTES=@OLD_SQL_NOTES */;

-- Dump completed on 2015-09-09 14:51:09
